Comment	,	Personality
این رویکرد می‌تواند کار کند، اما بهتر است به سمت خلاقیت بیشتری برویم.	,	1
من فکر می‌کنم شما به جنبه‌های مهمی از مسئله توجه نکرده‌اید که می‌تواند بر نتیجه تأثیر بگذارد.	,	2
من به دنبال ایجاد یک فضای دوستانه و حمایتی در گروه هستم.	,	3
توجه به نیازهای دیگران، نشانه‌ای از مسئولیت اجتماعی است.	,	4
شواهد تجربی این ادعا را به خوبی تأیید می‌کنند.	,	5
گذراندن وقت در کتابخانه و جستجو برای منابع جدید می‌تواند بسیار مفید باشد.	,	6
من معتقدم که احترام به یکدیگر باعث بهبود روحیه گروه می‌شود.	,	3
بیایید در مورد نقاط قوت و ضعف هر یک از راه‌حل‌های ممکن بحث کنیم.	,	2
من فکر می‌کنم که مسئولیت اجتماعی باید بخشی از زندگی ما باشد.	,	4
آیا کسی می‌تواند در مورد چالش‌های اجتماعی مربوط به این موضوع صحبت کند؟	,	4
من به این فکر می‌کنم که ممکن است شما برخی از شواهد کلیدی را از دست داده باشید.	,	5
ما باید از تجربیات یکدیگر برای بهبود کیفیت کارمان استفاده کنیم.	,	3
ایده‌های جدید می‌تواند از تجربیات روزمره ناشی شود.	,	1
آیا کسی می‌تواند در زمینه تأثیرات اجتماعی این موضوع بحث کند؟	,	4
توجه به مسائل انسانی و اجتماعی یکی از ارکان مسئولیت‌پذیری است.	,	4
شواهد موجود به وضوح نشان می‌دهند که رویکرد شما نمی‌تواند مؤثر باشد.	,	2
چگونه می‌توانیم با یکدیگر در پروژه کار کنیم تا کارایی بیشتری داشته باشیم؟	,	3
آیا کسی پیشنهادی برای حل این مسأله دارد؟ من در فکر روش‌های مختلف هستم.	,	2
استفاده از روش‌های خلاقانه برای حل چالش‌های اجتماعی می‌تواند بسیار مؤثر باشد.	,	1
این نوع استدلال می‌تواند به ما در فهم بهتر کمک کند.	,	5
من فکر می‌کنم که این روش نیاز به بازنگری دارد و نمی‌تواند پاسخگوی همه نیازها باشد.	,	6
می‌خواهم از شما بپرسم که آیا شواهدی برای این ادعا وجود دارد؟	,	5
شما به جنبه‌های مهمی از مسئولیت اجتماعی بی‌توجه بوده‌اید؛ باید به همدیگر کمک کنیم.	,	4
بیایید در راستای حمایت از اقشار ضعیف جامعه همکاری کنیم.	,	4
به چه نوع شواهدی نیاز داریم تا این نظریه را تأیید کنیم؟	,	5
آیا کسی می‌تواند دربارهٔ شیوه‌های یادگیری غیرخطی توضیح دهد؟	,	6
آیا کسی تجربه‌ای در یادگیری آنلاین از طریق MOOCs دارد؟	,	6
شما به این نکته توجه نکرده‌اید که همکاری می‌تواند به ما کمک کند تا به بهترین نتایج برسیم.	,	3
تجربه‌های گذشته به وضوح نشان می‌دهند که رویکرد شما ممکن است مناسب نباشد.	,	2
ما می‌توانیم با تقسیم کار، زمان را بهینه‌تر کنیم.	,	3
تجربه‌های قبلی نشان می‌دهند که این نوع نگرش معمولاً به شکست می‌انجامد.	,	5
چگونه می‌توانم از نقد و بررسی آثار برای یادگیری بهتر استفاده کنم؟	,	6
آیا شما می‌توانید دلایل منطقی برای این مسأله ارائه دهید؟	,	2
آیا می‌توانید دربارهٔ نحوه جمع‌آوری داده‌ها برای این مشکل بیشتر توضیح دهید؟	,	2
تحلیل شما از این مسئله نادرست است؛ برای حل این مشکل نیاز به دیدگاه‌های جدید داریم.	,	2
شاید از کار با تکنولوژی‌های جدید، مثل واقعیت مجازی، برای یادگیری استفاده کنیم.	,	1
من به این نتیجه رسیدم که باید اولویت‌هایمان را مشخص کنیم. آیا کسی با من موافق است؟	,	2
در پروژه، بهتر است که همه نظرات را با احترام بررسی کنیم.	,	3
این ادعا به روشنی با داده‌های تجربی پشتیبانی می‌شود.	,	5
آیا می‌توانیم از داستان‌های الهام‌بخش برای تقویت انگیزه‌های خلاقانه استفاده کنیم؟	,	1
چگونه می‌توانیم با همکاری، به مسائل اجتماعی پرداخته و راه‌حل‌هایی ارائه دهیم؟	,	4
چگونه می‌توانیم از کارگاه‌های عملی برای تقویت خلاقیت استفاده کنیم؟	,	1
نظرتان در مورد این موضوع ارزشمند است، اما من فکر می‌کنم باید به سمت ایده‌های جدیدتری برویم.	,	1
استفاده از تکنیک‌های خلاقانه در تدریس می‌تواند تأثیرگذار باشد.	,	1
تجربه‌های گذشته به وضوح نشان می‌دهند که رویکرد شما ممکن است مناسب نباشد.	,	5
چگونه می‌توانیم با استفاده از فناوری‌های جدید به افزایش آگاهی اجتماعی کمک کنیم؟	,	4
من به تنوع روش‌های یادگیری اهمیت می‌دهم و آن‌ها را امتحان می‌کنم.	,	6
ایجاد همکاری بین گروه‌ها می‌تواند منجر به ایده‌های نوآورانه شود.	,	1
با استفاده از ابزارهای مختلف، می‌توانیم به راه‌حل‌های جدیدی دست یابیم.	,	2
این نوع استدلال‌ها می‌تواند به ما در بررسی مسائل پیچیده کمک کند.	,	5
شواهد به خوبی نشان می‌دهند که این نتیجه‌گیری معتبر است.	,	5
ایده جالبی که به ذهنم می‌رسد، برگزاری یک چالش خلاقانه در کلاس است.	,	1
من به این فکر می‌کنم که ممکن است شما برخی از شواهد کلیدی را از دست داده باشید.	,	2
بیایید به یکدیگر انگیزه بدهیم تا در پروژه‌های اجتماعی شرکت کنیم.	,	4
این نظر ممکن است درست باشد، اما باید به یاد داشته باشیم که هر انتخاب ما عواقب اجتماعی دارد.	,	4
شاید بتوانیم از تجارب فرهنگی دیگران برای بهبود خلاقیت خود استفاده کنیم.	,	1
این رویکرد ممکن است کار کند، اما من بر اساس تجربیات شخصی‌ام، از آن حمایت نمی‌کنم.	,	6
چگونه می‌توانیم از تکنیک‌های خلاقانه برای تحلیل داده‌ها استفاده کنیم؟	,	1
چگونه می‌توانیم از فناوری برای بهبود همکاری‌مان استفاده کنیم؟	,	3
ایده شما ممکن است جالب باشد، اما من به تأثیرات اجتماعی هر عمل فکر می‌کنم.	,	4
آیا می‌توانیم با استفاده از تکنیک‌های تصمیم‌گیری، به یک توافق برسیم؟	,	2
این نظر ممکن است درست باشد، اما می‌توانیم از روش‌های نوآورانه‌تر بهره ببریم.	,	1
چگونه می‌توانیم با استفاده از تکنیک‌های حل مسأله گروهی، به یک راه‌حل برسیم؟	,	2
این نظر ممکن است درست باشد، اما راه‌حل‌های نوآورانه‌تر ممکن است نتایج بهتری ارائه دهند.	,	1
این رویکرد ممکن است برای فردی کار کند، اما برای جامعه نمی‌تواند کافی باشد.	,	4
بیایید برای هر قسمت از پروژه یک مسئول تعیین کنیم.	,	3
یادگیری از طریق بازی‌های آموزشی می‌تواند به یادآوری مطالب کمک کند.	,	6
من نمی‌توانم با شما موافقت کنم، زیرا شواهد کافی برای حمایت از نظر شما وجود ندارد.	,	2
من اعتقاد دارم که هر یک از ما می‌توانیم با عمل‌های کوچک به تغییرات بزرگ کمک کنیم.	,	4
آیا کسی تجربه‌ای در یادگیری زبان‌های خارجی به صورت خودآموز دارد؟	,	6
آیا می‌توانیم از یک روش مقایسه‌ای برای تحلیل این مسأله استفاده کنیم؟	,	2
چگونه می‌توانیم یک پلتفرم برای تبادل ایده‌ها و تجربیات خلاقانه راه‌اندازی کنیم؟	,	1
نظرتان درباره این مسئله قابل تأمل است، اما ما باید به مسئولیت‌های اجتماعی‌مان نیز توجه کنیم.	,	4
من به دلایل زیر با نظر شما مخالفم: (شواهد خود را بیان کنید).	,	5
نظرتان قابل توجه است، اما من فکر می‌کنم می‌توانیم از روش‌های نوآورانه‌تر استفاده کنیم.	,	1
این روش ممکن است کار کند، اما من به دنبال رویکردهای جدیدتر و خلاقانه‌تر هستم.	,	6
تحلیل شما از داده‌ها ناقص است و برخی از حقایق را نادیده می‌گیرد.	,	5
ایده‌های خلاقانه‌تر می‌توانند به ما کمک کنند تا به نتایج بهتری دست یابیم.	,	1
ما باید از تنوع فرهنگی به عنوان یک منبع الهام استفاده کنیم.	,	1
به نظر من، این رویکرد باید شامل مشارکت فعال همه باشد تا نتایج بهتری بگیریم.	,	3
آیا می‌توانیم از تجربیات دیگران برای توسعه پروژه‌های خود استفاده کنیم؟	,	1
مشارکت در فعالیت‌های خارج از کلاس می‌تواند به یادگیری ما کمک کند.	,	6
شما به نکات مهمی از این موضوع بی‌توجه بوده‌اید که می‌تواند به نتایج بهتری منجر شود.	,	3
ما باید به یکدیگر در راستای رشد اجتماعی کمک کنیم.	,	4
آیا می‌توانید منابعی برای یادگیری برنامه‌نویسی معرفی کنید؟	,	6
چگونه می‌توانیم از نتایج تجربی برای ارزیابی این نظریه استفاده کنیم؟	,	2
چنین تحلیلی به ما کمک می‌کند تا از استدلال‌های ضعیف دوری کنیم.	,	5
چگونه می‌توانیم از تکنیک‌های داستان‌سرایی برای توضیح این مفاهیم بهره‌برداری کنیم؟	,	1
به وضوح می‌توان گفت که این نظریه با شواهد موجود سازگار است.	,	5
بیایید به یکدیگر بازخورد بدهیم تا بتوانیم پیشرفت کنیم.	,	3
شواهد نشان می‌دهند که این نوع روش‌ها معمولاً نتیجه‌ای ندارند.	,	5
شما به جنبه‌های مهمی از این موضوع بی‌توجه بوده‌اید که می‌تواند به نتایج بهتری منجر شود.	,	6
طراحی یک نمایشگاه آنلاین از ایده‌های خلاقانه می‌تواند جذاب باشد.	,	1
مقایسه گزینه‌های مختلف می‌تواند به ما در انتخاب بهترین راه‌حل کمک کند.	,	2
ایده شما خوب است، اما من اعتقاد دارم که مشارکت همه اعضای گروه ضروری است.	,	3
آیا می‌توانیم از تحلیلات منطقی برای این مسأله استفاده کنیم؟	,	5
بیایید در راستای حمایت از حقوق دیگران تلاش کنیم.	,	4
بیایید به بررسی تأثیرات اجتماعی پروژه‌هایمان بپردازیم.	,	4
آیا کسی می‌تواند تجربیاتش را دربارهٔ همکاری در پروژه‌های گروهی به اشتراک بگذارد؟	,	3
ما باید به مشکلات اجتماعی با دیدگاه‌های مختلف نگاه کنیم.	,	4
آیا کسی تمایل دارد که برای پروژه این هفته با من همکاری کند؟	,	3
چگونه می‌توانیم از روش‌های تجربی برای ارزیابی این نظریه استفاده کنیم؟	,	5
آیا می‌توانید مثال‌هایی از این نوع استدلال‌ها ارائه دهید؟	,	5
آیا این رویکرد به نتایج مثبتی منجر شده است؟ می‌توانید شواهدی ارائه دهید؟	,	5
نظرتان ممکن است از یک زاویه درست باشد، اما ما مسئولیت داریم که به نیازهای جامعه پاسخ دهیم.	,	4
تجربه من نشان می‌دهد که همبستگی اجتماعی می‌تواند تأثیرات مثبتی داشته باشد.	,	4
تحلیل دقیق‌تری از این موضوع نشان می‌دهد که نتایج ممکن است متفاوت باشد.	,	2
من سعی می‌کنم از منابع متعدد برای تقویت یادگیری خود استفاده کنم.	,	6
به وضوح می‌توان گفت که این نظریه در عمل نیز معتبر است.	,	5
آیا کسی تجربه‌ای در ارائه کار گروهی به استاد دارد که بخواهد به من بگوید؟	,	3
شما به جنبه‌های اجتماعی این موضوع بی‌توجه بوده‌اید؛ ما باید از هم حمایت کنیم.	,	4
آیا کسی تجربه‌ای در این زمینه دارد که بخواهد به من مشاوره دهد؟	,	3
من پیشنهاد می‌کنم که هر کس بخشی از تحقیق را انجام دهد و نتایج را به اشتراک بگذارد.	,	3
من قبلاً تجربه‌ای مشابه داشتم و می‌توانم راهکارهایی که موثر بود را با شما به اشتراک بگذارم.	,	3
من از منابع مختلف مانند وبلاگ‌ها و مقالات علمی برای یادگیری استفاده می‌کنم.	,	6
من همیشه سعی می‌کنم نظرات دیگران را با دقت گوش دهم.	,	3
یادگیری به کمک منابع چندرسانه‌ای می‌تواند جذاب‌تر باشد.	,	6
من با شما موافق نیستم؛ مشارکت همه اعضای گروه برای پیشبرد اهداف بسیار حیاتی است.	,	3
آیا کسی در زمینه تدوین برنامه زمان‌بندی مهارت دارد که بخواهد کمک کند؟	,	3
من نمی‌توانم با شما موافقت کنم، زیرا دلیل واضحی برای این نظر شما وجود ندارد.	,	5
من فکر می‌کنم که داشتن یک هدف مشترک می‌تواند ما را به جلو ببرد.	,	3
می‌خواهم بفهمم که چگونه این مفهوم در عمل پیاده‌سازی می‌شود.	,	5
نظرتان قابل تأمل است، اما من فکر می‌کنم که باید به دنبال گزینه‌های بهتری باشیم.	,	3
آیا می‌توانیم از تکنیک‌های حل مسأله ساختاری برای تحلیل این مشکل استفاده کنیم؟	,	2
آیا کسی می‌تواند در تجزیه و تحلیل نتایج به من کمک کند؟	,	3
چگونه می‌توانیم از تکنیک‌های هنری برای تقویت یادگیری این درس استفاده کنیم؟	,	1
ما می‌توانیم با همکاری نزدیک‌تر، نتایج بهتری کسب کنیم.	,	3
تحلیل دقیق‌تری از داده‌ها نشان می‌دهد که استدلال شما نادرست است.	,	2
مسئله‌ای که مطرح کرده‌اید به این سادگی‌ها قابل حل نیست و نیاز به تجزیه و تحلیل بیشتری دارد.	,	2
چگونه می‌توانیم با استفاده از ابزارهای آنلاین همکاری‌مان را تسهیل کنیم؟	,	3
یادگیری درباره عدالت اجتماعی به ما کمک می‌کند تا بهتر عمل کنیم.	,	4
تحلیل شما از مسئله ناکافی است و نیاز به بررسی بیشتری دارد.	,	2
بیایید از تجربیات موفق گذشته برای بهبود عملکرد کنونی‌مان استفاده کنیم.	,	3
ایده شما جالب است، اما ما باید به یاد داشته باشیم که همه ما در یک جامعه مشترک زندگی می‌کنیم.	,	4
چگونه می‌توانم از بازخورد برای بهبود یادگیری خود استفاده کنم؟	,	6
چگونه می‌توانیم از تجربیات یکدیگر برای بهبود کارهای اجتماعی استفاده کنیم؟	,	4
تجزیه و تحلیل داده‌های موجود به ما کمک می‌کند تا دید بهتری پیدا کنیم.	,	2
تحقیقات در این زمینه نشان می‌دهند که این نوع رویکرد معمولاً موثر نیست.	,	5
شما به برخی نکات مهم بی‌توجه بوده‌اید و باید به تجربیات یکدیگر توجه کنیم.	,	3
من از یادگیری از طریق ویدیوهای آموزشی لذت می‌برم. آیا کسی کانال‌های مفیدی را می‌شناسد؟	,	6
مدل‌های تحلیلی می‌توانند به ما در درک عمیق‌تر کمک کنند.	,	5
شاید بهتر باشد به یک استراتژی نوآورانه‌تر فکر کنیم که توانایی‌های بیشتری را فراهم کند.	,	1
به نظرم، ما باید در انتخاب‌های خود به نیازهای جامعه توجه کنیم و صرفاً به منافع شخصی فکر نکنیم.	,	4
چگونه می‌توانیم با یکدیگر تعامل بهتری داشته باشیم تا کار بهتری ارائه دهیم؟	,	3
این نظر می‌تواند در برخی موارد درست باشد، اما من اعتقاد دارم که روش‌های نوآورانه‌تر وجود دارند.	,	6
ایده شما در مورد موفقیت فردی خوب است، اما فراموش نکنیم که ما در یک جامعه زندگی می‌کنیم.	,	4
آیا می‌توانید وبسایت‌های مفیدی برای یادگیری این مهارت معرفی کنید؟	,	6
ایجاد یک تیم بین‌المللی می‌تواند ما را در گسترش افکار یاری کند.	,	1
چگونه می‌توانیم از نظرگاه‌های مختلف برای درک بهتر این موضوع بهره‌برداری کنیم؟	,	1
شما به برخی از نقاط قوت کار گروهی بی‌توجه بوده‌اید و باید این جنبه‌ها را نیز در نظر بگیرید.	,	3
می‌توانیم از این نتایج برای تدوین سیاست‌های جدید استفاده کنیم؟	,	5
تحقیقات میدانی می‌تواند به ما دیدگاه‌های جدیدی ارائه دهد.	,	1
آیا می‌توانیم در اینجا به یک توافق منطقی برسیم؟	,	5
من معمولاً از منابع چندرسانه‌ای برای یادگیری استفاده می‌کنم.	,	6
این رویکرد ممکن است برای فردی کار کند، اما برای جامعه نمی‌تواند کافی باشد.	,	4
بیایید ایده‌های نوآورانه خود را در یک کتابچه الکترونیکی جمع‌آوری کنیم.	,	1
این نوع استدلال‌ها می‌تواند به ما در بررسی مسائل پیچیده کمک کند.	,	5
این ایده جالب است، اما همکاری می‌تواند به ما کمک کند تا به نتایج بهتری برسیم.	,	3
آموزش و آگاهی می‌تواند به ما کمک کند تا مسئولیت‌پذیرتر شویم.	,	4
چگونه می‌توانیم از تجارب گذشته برای حمایت از این ادعا استفاده کنیم؟	,	5
چگونه می‌توانیم از یکدیگر بازخورد بگیریم و به بهبود کارمان کمک کنیم؟	,	3
شواهد موجود نشان می‌دهد که رویکرد شما در بسیاری از موارد مؤثر نبوده است.	,	2
آیا شما می‌توانید دربارهٔ مراحل تحقیق بیشتر توضیح دهید؟	,	5
نظرتان در مورد این موضوع ارزشمند است، اما من فکر می‌کنم باید به سمت ایده‌های جدیدتری برویم.	,	1
شما به این نکته توجه نکرده‌اید که همکاری می‌تواند بسیار مؤثر باشد.	,	3
این رویکرد می‌تواند مؤثر باشد، اما من به دنبال روش‌های متفاوتی هستم که به تجربیات ما نزدیک‌تر باشد.	,	3
آیا می‌توانیم با استفاده از فیلم‌ها و ویدیوها، به ارائه این مفاهیم بپردازیم؟	,	1
این ایده ممکن است به نظر خوب بیاید، اما مسئولیت‌های اجتماعی ما نمی‌توانند نادیده گرفته شوند.	,	4
تحلیل دقیق‌تری از این موضوع نشان می‌دهد که می‌توانیم از رویکردهای نوآورانه‌تری استفاده کنیم.	,	1
آیا می‌توانیم یک مسابقه ایده‌پردازی برای تشویق خلاقیت برگزار کنیم؟	,	1
مدیریت زمان در یادگیری بسیار حائز اهمیت است، به همین دلیل برنامه‌ریزی می‌کنم.	,	6
شاید لازم باشد که از یک کارگاه حل مسأله استفاده کنیم.	,	2
نظرتان درباره این روش قابل قبول است، اما من به تجربیات خودم توجه بیشتری می‌کنم.	,	6
با توجه به این که شما فقط یک بعد از موضوع را بررسی کرده‌اید، نتیجه‌گیری شما کامل نیست.	,	5
آیا می‌توانیم یک مستند دربارهٔ این موضوع تولید کنیم و تجربیات‌مان را به اشتراک بگذاریم؟	,	1
آیا می‌توانیم با استفاده از روش‌های تحلیلی، این مشکل را حل کنیم؟	,	2
چگونه می‌توانیم از تجربه‌های گذشته برای الهام گرفتن در پروژه‌های جدید استفاده کنیم؟	,	1
چگونه می‌توانم از تجربیات شخصی خود برای یادگیری استفاده کنم؟	,	6
می‌خواهم بفهمم که چگونه این نظریه در دنیای واقعی کاربرد دارد.	,	5
من از منابع آنلاین برای یادگیری زبان‌های جدید بهره می‌برم.	,	6
یادگیری از یکدیگر می‌تواند به پیشرفت کلی گروه کمک کند.	,	3
این روش ممکن است کار کند، اما باید نگاهی به استراتژی‌های جدیدتر بیندازیم.	,	1
می‌توانیم از ایده‌های همکاران خود در زمینه‌های دیگر الهام بگیریم.	,	1
من فکر می‌کنم که باید به تأثیرات اجتماعی انتخاب‌های خود توجه کنیم و فقط به منافع فردی فکر نکنیم.	,	4
ایده شما ممکن است جذاب باشد، اما همکاری می‌تواند ما را به سمت خلاقیت و نوآوری بیشتر هدایت کند.	,	3
تحلیل‌های انجام‌شده در این زمینه به وضوح تأثیرگذار هستند.	,	5
برگزاری جلسات مرور گروهی می‌تواند به تثبیت یادگیری کمک کند.	,	6
این راه‌حل ممکن است کار کند، اما فکر می‌کنم باید ریسک‌پذیرتر باشیم و راه‌های جدیدتری را امتحان کنیم.	,	1
من با شما موافقم، برگزاری جلسات مشترک می‌تواند به ما در بحث و تبادل نظر کمک کند.	,	3
من قصد دارم این درس را به صورت مستقل مطالعه کنم، آیا کسی تجربه‌ای در این زمینه دارد؟	,	6
من فکر می‌کنم کار گروهی می‌تواند به ما در رسیدن به اهداف کمک کند.	,	3
آیا کسی نظری در مورد فعالیت‌های اجتماعی که می‌توانیم انجام دهیم، دارد؟	,	4
چگونه می‌توانیم با استفاده از منابع موجود، آگاهی اجتماعی را افزایش دهیم؟	,	4
من فکر می‌کنم که یک رویکرد تحلیلی می‌تواند به ما در حل این مشکل کمک کند.	,	2
آیا کسی می‌تواند در زمینه تأثیرات اجتماعی این پروژه بحث کند؟	,	4
توجه به ابعاد مختلف این موضوع می‌تواند دیدگاه شما را تغییر دهد.	,	5
در حالی که نظر شما محترم است، اما من فکر می‌کنم که باید با رویکردهای جدیدتر و خلاقانه‌تری روبرو شویم.	,	6
آیا می‌توانید دربارهٔ این نظریه و کاربردهای آن در زندگی واقعی بیشتر توضیح دهید؟	,	5
چگونه می‌توانیم از تکنیک‌های طراحی خلاقانه برای حل این چالش‌ها استفاده کنیم؟	,	1
بیایید به هم کمک کنیم تا نقاط ضعف‌مان را برطرف کنیم.	,	3
ایده شما خوب است، اما تجربیات من نشان می‌دهد که بعضی از این روش‌ها ممکن است به موفقیت نرسند.	,	6
من فکر می‌کنم ما می‌توانیم با هم، یک کار خلاقانه انجام دهیم. چه نظری دارید؟	,	3
آیا کسی نظری دربارهٔ فعالیت‌های اجتماعی که می‌توانیم انجام دهیم، دارد؟	,	4
شاید یک پروژه گروهی خلاقانه در این زمینه می‌تواند به ما کمک کند تا بهتر یاد بگیریم.	,	1
این نوع رویکرد به تنهایی نمی‌تواند پاسخگوی نیازهای واقعی ما باشد.	,	2
با تقسیم مسأله به بخش‌های کوچکتر، می‌توانیم هر بخش را به صورت مستقل حل کنیم.	,	2
آگاهی از مسائل اجتماعی به ما کمک می‌کند تا مسئولیت‌پذیرتر باشیم.	,	4
تجربه شخصی من نشان می‌دهد که یادگیری از طریق تمرین عملی بسیار مؤثر است.	,	6
در حالی که نظر شما قابل قبول است، اما ما باید به اثرات اجتماعی تصمیمات‌مان فکر کنیم.	,	4
به نظر می‌رسد که این مدل در عمل نیز کاربردی است.	,	5
آیا کسی می‌تواند به من کمک کند تا در مورد تأثیرات اجتماعی کار تحقیق کنم؟	,	4
استفاده از تکنیک‌های تحلیلی، ما را در این مسیر یاری خواهد کرد.	,	2
آیا می‌توانیم با استفاده از یک جدول مقایسه، گزینه‌ها را بررسی کنیم؟	,	2
من فکر می‌کنم که بررسی روندها می‌تواند به ما در درک این مسأله کمک کند.	,	2
به جای این نظر، پیشنهاد می‌کنم به سمت یک رویکرد نوآورانه‌تر برویم.	,	1
شما به جنبه‌های مهمی از مسئولیت اجتماعی بی‌توجه بوده‌اید؛ باید به همدیگر کمک کنیم.	,	4
من به این نتیجه رسیده‌ام که همکاری موثر، کلید موفقیت در پروژه‌ها است.	,	3
با توجه به شواهد موجود، این نتیجه‌گیری قابل قبول است.	,	5
به نظر می‌رسد که شما به بعضی از جنبه‌های نوآورانه این موضوع توجه نکرده‌اید.	,	1
من فکر می‌کنم که اگر از روش‌های بین‌رشته‌ای استفاده کنیم، به نتایج بهتری خواهیم رسید.	,	1
توجه به نیازهای جامعه، یک مسئولیت انسانی است.	,	4
نظرتان درباره این موضوع قابل تأمل است، اما من فکر می‌کنم که باید به سمت همکاری برویم.	,	3
آیا می‌توانیم یک بلاگ گروهی برای به اشتراک‌گذاری تجربیات یادگیری ایجاد کنیم؟	,	6
چگونه می‌توانیم از فناوری‌های نوین برای ترویج مسئولیت اجتماعی استفاده کنیم؟	,	4
من فکر می‌کنم که باید این ایده را در قالب همکاری بیشتری بررسی کنیم تا به نتایج بهتری برسیم.	,	3
تجربه شخصی من نشان می‌دهد که یادگیری گروهی مؤثرتر است.	,	6
با استفاده از بازی‌های آموزشی، می‌توانیم این مفهوم را به شکلی جذاب‌تر یاد بگیریم.	,	1
شما به این نکته توجه نکرده‌اید که یادگیری خودآموزی می‌تواند بسیار مؤثر باشد.	,	3
چگونه می‌توانیم یک پروژه گروهی برای تست ایده‌های خلاقانه راه‌اندازی کنیم؟	,	1
توجه به نظرات مختلف می‌تواند به ما در گسترش افکار کمک کند.	,	1
این مسأله نیاز به یک رویکرد چند بعدی دارد.	,	2
آیا کسی نظری دربارهٔ نحوه ارائه پروژه به استاد دارد؟	,	3
با توجه به داده‌های موجود، نتیجه‌گیری شما نمی‌تواند درست باشد.	,	5
تحلیل منطقی این مسئله نشان می‌دهد که نتایج به‌دست‌آمده معتبر هستند.	,	5
آیا می‌توانیم از تفکر سیستماتیک برای تحلیل این مشکل بهره‌برداری کنیم؟	,	2
بیایید یک لیست از وظایف هر یک از اعضای گروه تهیه کنیم.	,	3
چگونه می‌توانم از یادگیری مستقل برای بهبود مهارت‌های اجتماعی استفاده کنم؟	,	6
می‌توانیم با استفاده از نرم‌افزارهای طراحی، ایده‌های خود را به صورت بصری نمایش دهیم.	,	1
شما به جنبه‌های مهمی از مسئولیت اجتماعی بی‌توجه بوده‌اید؛ باید به همدیگر کمک کنیم.	,	4
شما به جنبه‌های مهمی از این مسئله توجه نکرده‌اید که می‌تواند به نتایج بهتری منجر شود.	,	6
نظرات شما ارزشمند هستند، اما بهتر است از رویکردهای خلاقانه‌تری استفاده کنیم.	,	1
تحقیقات نشان می‌دهند که این نوع استدلال معمولاً به نتایج نادرستی منجر می‌شود.	,	5
بررسی داده‌ها نشان می‌دهد که ممکن است شما به برخی از جوانب این موضوع بی‌توجه بوده‌اید.	,	2
آیا کسی مایل است که در نوشتن متن و اسلایدهای ارائه کمک کند؟	,	3
تحلیل‌های انجام‌شده در این زمینه به وضوح تأثیرگذار هستند.	,	5
من نمی‌توانم با شما موافقت کنم، زیرا شواهد کافی برای حمایت از نظر شما وجود ندارد.	,	2
بیایید با هم به یک استراتژی عملی برای حل این مشکل برسیم.	,	2
نظرتان ممکن است درست باشد، اما همکاری می‌تواند به ما کمک کند تا به بهترین نتایج برسیم.	,	3
آیا می‌توانید منابعی برای یادگیری تاریخ معرفی کنید؟	,	6
آیا می‌توانیم از تکنیک‌های یادگیری مبتنی بر پروژه برای این موضوع استفاده کنیم؟	,	1
چگونه می‌توانیم در این بحث به یک نتیجه متقن برسیم؟	,	5
با توجه به تجربیات من، نظر شما نیاز به بازنگری دارد.	,	2
چگونه می‌توانم به طور مؤثر از کتاب‌ها برای یادگیری استفاده کنم؟	,	6
من فکر می‌کنم که این مشکل به یک خطای محاسباتی برمی‌گردد. آیا کسی می‌تواند آن را بررسی کند؟	,	2
این روش ممکن است برای برخی مؤثر باشد، اما من معتقدم که راه‌های خلاقانه‌تری وجود دارند.	,	6
چگونه می‌توانیم از داستان‌های واقعی برای توضیح این مفاهیم استفاده کنیم؟	,	1
شاید بهتر باشد که از مثال‌های دنیای واقعی برای توضیح این موضوع استفاده کنیم.	,	1
توجه به تجربیات قبلی می‌تواند در یادگیری جدید به ما کمک کند.	,	6
آیا کسی تمایل دارد که تجربیاتش را در زمینه فعالیت‌های اجتماعی با ما به اشتراک بگذارد؟	,	4
من فکر می‌کنم که تبادل ایده‌ها می‌تواند به گسترش افکار کمک کند.	,	3
همکاری موثر می‌تواند به ما در حل مشکلات کمک کند.	,	3
توجه به ابعاد مختلف این موضوع ما را به نتایج متفاوتی می‌رساند.	,	2
شواهد نشان می‌دهند که این نوع رویکرد معمولاً نتیجه مثبتی ندارد.	,	5
شما به جنبه‌های مهمی از مسئولیت اجتماعی بی‌توجه هستید؛ ما به عنوان اعضای جامعه باید به هم کمک کنیم.	,	4
تحلیل‌های انجام‌شده در این زمینه به وضوح تأثیرگذار هستند.	,	5
من فکر می‌کنم که این مشکل به چند عامل وابسته است. بیایید آنها را شناسایی کنیم.	,	2
چگونه می‌توانیم از روش‌های خلاقانه برای حل این چالش استفاده کنیم؟	,	2
من به شدت به تأثیرات اجتماعی کارهای خود توجه دارم. چه نظری دارید؟	,	4
نظرتان محترم است، اما من به یادگیری خودآموزی به عنوان یک ابزار قوی‌تر نگاه می‌کنم.	,	6
من به دیگران پیشنهاد می‌کنم که در فعالیت‌های خیرخواهانه شرکت کنند.	,	4
بیایید از بازی‌های تعاملی برای یادگیری این درس استفاده کنیم. چه بازی‌هایی به ذهن‌تان می‌رسد؟	,	1
مدل‌سازی این مسأله به ما در درک بهتر شرایط کمک می‌کند.	,	2
به نظر می‌رسد که این راه‌حل به خوبی عمل نمی‌کند. آیا گزینه‌های بهتری داریم؟	,	2
اگر به جنبه‌های خلاقانه‌تر این موضوع نگاه کنیم، می‌توانیم به نتایج بهتری برسیم.	,	1
تجربه من نشان می‌دهد که همکاری نزدیک‌تر منجر به یادگیری بهتر می‌شود.	,	3
نقطه ضعف این استدلال چیست و چگونه می‌توان آن را برطرف کرد؟	,	5
این نکته به خوبی در ادبیات تحقیق توضیح داده شده است.	,	5
این نظریه در عمل نیز کاربردی است و نتایج مثبتی به همراه دارد.	,	5
می‌توانیم از روش‌های بصری مانند نمودارها و گرافیک‌ها برای توضیح بهتر استفاده کنیم.	,	1
این روش ممکن است کار کند، اما باید نگاهی به استراتژی‌های جدیدتر بیندازیم.	,	1
ما باید به موضوعات اجتماعی توجه کنیم و در راستای حل آن‌ها تلاش کنیم.	,	4
آیا کسی مایل است در نوشتن متن ارائه با من همکاری کند؟	,	3
آیا می‌توانیم یک وبلاگ مشترک دربارهٔ ایده‌های خلاقانه راه‌اندازی کنیم؟	,	1
شما به بعضی از جنبه‌های اجتماعی این موضوع توجه نکرده‌اید؛ ما باید همه را در نظر بگیریم.	,	4
تجربه نشان می‌دهد که این نوع رویکردها معمولاً نتایج غیرمنتظره‌ای به همراه دارند.	,	2
چگونه می‌توانیم با تحقیق‌مان به ارتقاء سطح آگاهی جامعه کمک کنیم؟	,	4
بیایید در جلسات خود، بحث و تبادل نظر داشته باشیم.	,	3
من معتقدم که تحصیلات باید به ما کمک کند تا مسئولیت‌پذیرتر شویم.	,	4
چگونه می‌توانیم فرضیات قبلی را برای آزمایش این نظریه بازنگری کنیم؟	,	5
آیا می‌توانید تجربیات خود را در یادگیری مهارت‌های جدید با ما به اشتراک بگذارید؟	,	6
من به این دلیل با شما مخالفم که شواهد در این زمینه وجود دارد.	,	5
اگر بخواهیم با دقت به این موضوع نگاه کنیم، باید نظرات بیشتری را مدنظر قرار دهیم.	,	2
آیا می‌توانیم از شبیه‌سازی برای بررسی نتایج مختلف استفاده کنیم؟	,	2
چگونه می‌توانم از اینترنت به بهترین نحو برای یادگیری استفاده کنم؟	,	6
من نمی‌توانم با شما موافقت کنم، زیرا شواهد کافی برای حمایت از نظر شما وجود ندارد.	,	5
ما باید از یک رویکرد تعاملی برای جمع‌آوری نظرات استفاده کنیم.	,	2
ما باید به عنوان یک گروه، در راستای بهبود وضعیت اجتماعی تلاش کنیم.	,	4
توجه به جوانب انسانی مسأله نیز از اهمیت بالایی برخوردار است.	,	2
چگونه می‌توانیم با یکدیگر ارتباط بهتری برقرار کنیم تا به اهداف‌مان برسیم؟	,	3
آیا می‌توانیم از تجربیات گذشته برای حل این مسأله استفاده کنیم؟	,	2
آیا می‌توانیم داده‌های جدیدی را جمع‌آوری کنیم تا به یک راه‌حل برسیم؟	,	2
می‌توانیم از یک مدل نموداری برای درک بهتر این مسأله استفاده کنیم؟	,	2
با استفاده از متدولوژی‌های مناسب، می‌توانیم به نتایج دقیقی دست یابیم.	,	5
آیا می‌توانیم یک جلسه فکری برگزار کنیم تا به نتایج بهتری برسیم؟	,	2
اگر ما این داده‌ها را تغییر دهیم، چگونه می‌توانیم تأثیر آن را پیش‌بینی کنیم؟	,	5
ایده شما قابل توجه است، اما همکاری می‌تواند به ما کمک کند تا از تجربیات یکدیگر بهره‌برداری کنیم.	,	3
آیا کسی می‌تواند دربارهٔ این موضوع نظراتش را به اشتراک بگذارد تا من از آن‌ها استفاده کنم؟	,	3
این نظریه با شواهد موجود سازگار است و بنابراین به نظر منطقی می‌رسد.	,	5
من فکر می‌کنم که این نتیجه از یک استدلال معیوب نشأت می‌گیرد. نظر شما چیست؟	,	5
این ادعا به خوبی با داده‌های تجربی و شواهد قابل تأیید است.	,	5
توجه به رفاه اجتماعی نشان‌دهنده آگاهی و مسئولیت‌پذیری ماست.	,	4
من فکر می‌کنم که کار گروهی می‌تواند به ما در حل چالش‌های اجتماعی کمک کند.	,	4
تجربه‌های واقعی می‌توانند به ما در فهم بهتر این موضوع کمک کنند.	,	1
ما می‌توانیم از تجربیات همدیگر برای یادگیری بهتر استفاده کنیم.	,	3
شاید این ایده جالب باشد، اما من اعتقاد دارم که همکاری ما را به سمت پیشرفت‌های بیشتری هدایت می‌کند.	,	3
توجه به تجربیات دیگران می‌تواند به ما کمک کند تا از اشتباهات پیشین درس بگیریم.	,	2
آیا می‌توانیم از تکنیک‌های بازی‌سازی برای یادگیری بهتر استفاده کنیم؟	,	1
مسئولیت اجتماعی به ما یادآوری می‌کند که همگی بخشی از یک کل هستیم.	,	4
استفاده از یک چارچوب تحلیلی می‌تواند ما را در روند حل مسأله راهنمایی کند.	,	2
به نظر می‌رسد که همکاری و همفکری می‌تواند به ما در حل این مشکل یاری دهد.	,	2
چگونه می‌توانیم با همکاری یکدیگر یک کتاب دیجیتال دربارهٔ این موضوع تهیه کنیم؟	,	1
این نظریه در عمل نیز کاربردی است و نتایج مثبتی به همراه دارد.	,	5
استفاده از الهام‌گیری از طبیعت می‌تواند خلاقیت را تحریک کند.	,	1
من فکر می‌کنم که این رویکرد به صورت جزئی به مسئله نگاه کرده و نیاز به بازنگری دارد.	,	6
یادگیری با استفاده از تمرین و تکرار به من کمک کرده است.	,	6
شما باید به این نکته توجه کنید که تجربیات گذشته ممکن است بر روی این تصمیم تأثیر بگذارد.	,	2
ایده شما ممکن است کاربردی باشد، اما من به دنبال راه‌حل‌های نوآورانه‌تری هستم.	,	1
آیا می‌توانیم از تحلیل داده‌ها برای شناسایی الگوهای خلاقانه استفاده کنیم؟	,	1
این نوع نگرش می‌تواند به عواقب جدی منجر شود که باید به آن توجه کنیم.	,	5
شما به جنبه‌های مهمی از این مسئله توجه نکرده‌اید که می‌تواند به نتایج بهتری منجر شود.	,	1
تحلیل عمیق‌تر می‌تواند به ما در درک بهتر این مسأله کمک کند.	,	2
من فکر می‌کنم با یک تغییر در این ایده می‌توانیم آن را به یک راه‌حل نوآورانه تبدیل کنیم.	,	1
این ایده ممکن است به نظر خوب بیاید، اما مسئولیت‌های اجتماعی ما نمی‌توانند نادیده گرفته شوند.	,	4
آیا کسی می‌تواند دربارهٔ روش‌های مدیریت پروژه صحبت کند؟	,	3
در نظر گرفتن تمام جوانب مسأله می‌تواند به ما در اتخاذ تصمیمات بهتر کمک کند.	,	2
می‌توانیم روش‌های تحقیق متفاوتی را برای این مسأله بررسی کنیم؟	,	5
در این مورد، استفاده از تکنیک‌های حل خلاقانه مسأله به ما کمک می‌کند.	,	2
آیا کسی می‌تواند دربارهٔ یادگیری از طریق وبینارها توضیح دهد؟	,	6
من به این فکر می‌کنم که ممکن است شما برخی از شواهد کلیدی را از دست داده باشید.	,	5
آیا می‌توانید منابعی برای یادگیری زبان برنامه‌نویسی معرفی کنید؟	,	6
چرا ما یک رویداد تبادل فرهنگی برگزار نکنیم تا ایده‌ها را از همدیگر بگیریم؟	,	1
ما باید روش‌های نوین را برای یادگیری و تدریس آزمایش کنیم.	,	1
من پیشنهاد می‌کنم که از نمادها و نشانه‌ها برای توضیح بهتر استفاده کنیم.	,	1
این رویکرد ممکن است کار کند، اما پیشنهاد می‌کنم نگاهی به فناوری‌های نوین بیندازید که می‌توانند کارآمدتر باشند.	,	1
توجه به تفاوت‌های فرهنگی در کار گروهی می‌تواند بسیار مفید باشد.	,	3
تحقیقات در این زمینه نشان می‌دهند که راه‌حل شما ناکافی است.	,	5
ایده شما ممکن است جالب باشد، اما من فکر می‌کنم که مسئولیت اجتماعی ما اهمیت بیشتری دارد.	,	4
به نظر می‌رسد که شما به جنبه‌های خلاقانه یادگیری بی‌توجه هستید و بهتر است از آن‌ها بهره‌برداری کنیم.	,	6
ارزیابی دقیق شرایط فعلی می‌تواند به ما در شناسایی نیازها کمک کند.	,	2
می‌توانیم به صورت تیمی کار کنیم تا به یک نتیجه مؤثر برسیم؟	,	2
به وضوح می‌توان گفت که این نظریه با شواهد موجود سازگار است.	,	5
بیایید نگاهی به فرضیات موجود بیندازیم و ببینیم آیا نیاز به تغییر دارند یا نه.	,	2
شواهد نشان می‌دهند که حل این مسئله به سادگی آن‌طور که شما بیان کرده‌اید نیست.	,	5
نظرتان ممکن است درست باشد، اما من اعتقاد دارم که روش‌های نوآورانه‌تر می‌توانند نتایج بهتری داشته باشند.	,	6
مشارکت در مسابقات خلاقیت می‌تواند به ما انگیزه بیشتری بدهد.	,	1
توجه به سلامت جامعه یکی از مسئولیت‌های ما به عنوان دانشجویان است.	,	4
توسعه یک برنامه عملیاتی برای رسیدن به هدف مهم است.	,	2
این نتیجه‌گیری بر اساس مستندات و شواهد موجود معتبر است.	,	5
از روش‌های هنری مانند نقاشی یا کلاژ برای بیان ایده‌ها استفاده کنیم.	,	1
آیا کسی مایل است که به من کمک کند تا ایده‌هایش را برای پروژه جمع‌آوری کنم؟	,	3
چگونه می‌توانیم از فرایند تفکر منطقی برای تحلیل این مسأله استفاده کنیم؟	,	5
تجزیه و تحلیل معایب و مزایای هر راه‌حل می‌تواند به ما در انتخاب بهتر یاری رساند.	,	2
نکته‌ای که فراموش کرده‌اید این است که تمامی جوانب مسئله را در نظر نگرفته‌اید.	,	2
مدیریت زمان در حل این مسأله از اهمیت بالایی برخوردار است.	,	2
شما به نکات مهمی از این موضوع بی‌توجه بوده‌اید که می‌تواند به نتایج بهتری منجر شود.	,	6
مدل‌سازی داده‌ها می‌تواند به ما در پیش‌بینی نتایج کمک کند.	,	2
نظر شما قابل قبول است، اما من فکر می‌کنم با ترکیب ایده‌های مختلف، می‌توانیم به نتایج بهتری برسیم.	,	3
ما می‌توانیم با ایجاد کارگاه‌های آموزشی، به افزایش آگاهی جامعه کمک کنیم.	,	4
بیایید به موضوعات اجتماعی و چالش‌هایی که جامعه با آن‌ها مواجه است، بپردازیم.	,	4
یادگیری با انجام پروژه‌های واقعی می‌تواند بسیار مؤثر باشد.	,	6
آیا نظرات مختلف می‌تواند به ما در درک بهتر این موضوع کمک کند؟	,	5
آیا کسی می‌تواند در زمینه تأثیرات اجتماعی این موضوع بحث کند؟	,	4
این مسأله از جنبه‌های مختلف قابل تحلیل است و نیاز به بررسی جامع‌تری دارد.	,	5
بیایید در جلسات آینده، به یکدیگر گوش دهیم و نظرات همدیگر را بررسی کنیم.	,	3
اگر به این نتیجه برسیم، چه عواقبی خواهد داشت؟	,	5
من معمولاً سعی می‌کنم از تجربیات دیگران درس بگیرم و از آن‌ها الهام بگیرم.	,	6
توجه به محیط زیست یکی از ابعاد مهم مسئولیت اجتماعی است.	,	4
این نظر می‌تواند در برخی موارد درست باشد، اما من فکر می‌کنم که باید رویکردهای خلاقانه‌تری را بررسی کنیم.	,	6
آیا کسی تمایل دارد در ایجاد محتوای آموزشی برای آگاهی از مسائل اجتماعی کمک کند؟	,	4
استدلال‌های منطقی این بحث به ما کمک می‌کنند تا به درک بهتری برسیم.	,	5
تحقیق درباره این موضوع باعث شده تا دید بهتری نسبت به آن پیدا کنم.	,	6
ایده شما جالب است، اما ما باید به یاد داشته باشیم که همه ما در یک جامعه مشترک زندگی می‌کنیم.	,	4
مسئولیت‌پذیری اجتماعی به ما کمک می‌کند تا تأثیر مثبتی بر جامعه بگذاریم.	,	4
من فکر می‌کنم شما به جنبه‌های کلیدی این مسئله توجه نکرده‌اید.	,	2
بررسی نقاط قوت و ضعف راه‌حل‌های پیشنهادی می‌تواند به ما در انتخاب مناسب کمک کند.	,	2
اگر ما این دیدگاه را نادیده بگیریم، چه تبعاتی خواهد داشت؟	,	5
آیا می‌توانید منابعی برای یادگیری در زمینه مهارت‌های نرم معرفی کنید؟	,	6
تحلیل داده‌ها به ما کمک می‌کند تا از کلی‌گویی‌ها دوری کنیم.	,	5
آیا کسی دربارهٔ تأثیرات اجتماعی این موضوع تحقیق کرده است؟	,	4
شواهد تجربی این ادعا را به خوبی تأیید می‌کنند.	,	5
اگر به جنبه‌های نوآورانه‌تر این موضوع نگاه کنیم، می‌توانیم نتایج بهتری بدست آوریم.	,	1
به نظر می‌رسد که تحلیل شما بر اساس فرضیات نادرست است.	,	5
بیایید همگی در پروژه‌های اجتماعی شرکت کنیم و به بهبود جامعه‌مان کمک کنیم.	,	4
نظرتان ممکن است درست باشد، اما باید به یاد داشته باشیم که هر انتخاب ما عواقب اجتماعی دارد.	,	4
بیایید ایده‌های خود را دربارهٔ موضوع پروژه در اینجا به اشتراک بگذاریم.	,	3
نظر شما محترم است، اما من فکر می‌کنم که باید به سمت رویکردهای خلاقانه‌تری برویم.	,	6
چرا ما یک وبینار با میهمانان خاص در این موضوع برگزار نکنیم؟	,	1
آیا کسی می‌تواند به من در تهیه متون و منابع کمک کند؟	,	3
این ادعا به‌خوبی با داده‌های جمع‌آوری‌شده تطابق دارد.	,	5
توجه به تاریخچه این موضوع می‌تواند شما را به درک بهتری برساند.	,	5
آیا می‌توانیم از تکنیک‌های تجزیه و تحلیل خلاقانه برای درک بهتر این مفاهیم استفاده کنیم؟	,	1
آیا می‌توانیم یک گروه مطالعه ایجاد کنیم تا در مورد این موضوع بیشتر یاد بگیریم؟	,	6
چگونه می‌توانیم با یکدیگر ارتباط مؤثری برقرار کنیم تا کار گروهی‌مان بهتر پیش برود؟	,	3
چگونه می‌توانیم از روش‌های خلاقانه برای حل چالش‌های موجود استفاده کنیم؟	,	1
باید در نظر داشته باشیم که این تحلیل به ما بینش عمیق‌تری ارائه می‌دهد.	,	5
من به دلایل زیر با نظر شما مخالفم: (شواهد خود را بیان کنید).	,	5
استفاده از کارگاه‌های آموزشی به من در یادگیری عملی کمک کرده است.	,	6
کتاب‌های الکترونیکی مرتبط با این موضوع می‌توانند اطلاعات مفیدی را ارائه دهند.	,	6
من به دیگران پیشنهاد می‌کنم که از مهارت‌های خود برای خدمت به جامعه استفاده کنند.	,	4
چگونه می‌توانیم به یک توافق منطقی در مورد بهترین راه‌حل برسیم؟	,	2
ایده شما خوب است، اما من فکر می‌کنم که باید به سمت روش‌های خلاقانه‌تری برویم.	,	6
شما به جنبه‌های مهمی از این مسئله توجه نکرده‌اید که می‌تواند به نتایج بهتری منجر شود.	,	3
چگونه می‌توانیم یک وبسایت خلاقانه برای ارائه ایده‌هایمان طراحی کنیم؟	,	1
برای یادگیری بهتر، می‌توانیم از تکنیک‌های مطالعه مانند فیش‌برداری استفاده کنیم.	,	6
آیا کسی می‌تواند در زمینه مسئولیت اجتماعی تحقیق کند و نتایج را با ما به اشتراک بگذارد؟	,	4
من معتقدم که کار تیمی می‌تواند منجر به نتایج بهتر شود.	,	3
من متوجه می‌شوم که شما قصد دارید به یک نتیجه مثبت برسید، اما شواهد کافی نیست.	,	5
شما به این نکته توجه نکرده‌اید که یادگیری خودآموزی می‌تواند بسیار مؤثر باشد.	,	6
این تحلیل به وضوح نقاط قوت و ضعف نظریه را مشخص می‌کند.	,	5
آیا می‌توانیم به عنوان یک گروه به همدیگر کمک کنیم تا مهارت‌های جدید یاد بگیریم؟	,	6
ما باید به مسائل اجتماعی توجه کنیم و در راستای حل آن‌ها تلاش کنیم.	,	4
به نظر من، اگرچه این روش جالب است، اما ترکیب نظرات مختلف می‌تواند ما را به راه‌حل‌های بهتری هدایت کند.	,	3
شاید این روش کار کند، اما ما باید همکاری را در اولویت قرار دهیم.	,	3
این نظر خوب است، اما به عنوان افراد مسئول باید به پیامدهای اجتماعی انتخاب‌های‌مان توجه کنیم.	,	4
اگر فرض کنیم که این ادعا درست است، چه نتیجه‌گیری‌هایی می‌توانیم بکنیم؟	,	5
چگونه می‌توانیم با استفاده از روش‌های تحلیلی، این مشکل را حل کنیم؟	,	2
آیا کسی تجربه‌ای در برگزاری رویدادهای اجتماعی دارد که بخواهد به اشتراک بگذارد؟	,	4
من همیشه در پروژه‌ها به دنبال راه‌هایی برای بهبود همکاری هستم.	,	3
ایده شما ممکن است معتبر باشد، اما من معتقدم که همکاری می‌تواند به ما نتایج بهتری بدهد.	,	3
برگزاری کارگاه‌های آموزشی می‌تواند به ما در یادگیری ایده‌های نو کمک کند.	,	1
شاید بهتر باشد به جای این ایده، از یک رویکرد خلاقانه‌تر استفاده کنیم.	,	1
چگونه می‌توانم یادگیری خود را سنجش کنم و پیشرفت خود را پیگیری کنم؟	,	6
چگونه می‌توانیم با یکدیگر برای ایجاد تغییرات اجتماعی همکاری کنیم؟	,	4
استفاده از آزمون‌های خودسنجی می‌تواند به تثبیت یادگیری کمک کند.	,	6
آیا کسی می‌تواند در زمینه مسئولیت اجتماعی به من مشاوره دهد؟	,	4
شواهد موجود در این موضوع به وضوح اعتبار این ادعا را نشان می‌دهند.	,	5
بیایید ایده‌هایمان را به صورت مکتوب بنویسیم و با هم بررسی کنیم.	,	3
من فکر می‌کنم که ایجاد ارتباطات مؤثر در گروه بسیار مهم است.	,	3
توجه به نقاط قوت و ضعف خود می‌تواند به بهبود یادگیری کمک کند.	,	6
این روش ممکن است برای بعضی مناسب باشد، اما ما مسئولیت داریم که به جامعه‌مان توجه کنیم.	,	4
چگونه می‌توانیم این نتایج را بهبود ببخشیم؟	,	5
شواهد نشان می‌دهند که این نوع تصمیمات معمولاً تأثیرات منفی به همراه دارند.	,	2
من نمی‌توانم نتیجه‌گیری شما را تایید کنم، زیرا شواهد کافی ندارید.	,	5
نمی‌توان با قطعیت به نظر شما اعتماد کرد، چرا که شواهد کافی ارائه نشده است.	,	2
نمی‌توانیم به این روش بسنده کنیم؛ بهتر است راه‌های جدیدتری را بررسی کنیم.	,	1
بیایید به صورت گروهی کار کنیم و تقسیم وظایف را انجام دهیم.	,	3
من فکر می‌کنم که نظر شما باید مورد بازنگری قرار گیرد، زیرا شواهد کافی ندارید.	,	2
من سعی می‌کنم تجربیات خود را با دیگران به اشتراک بگذارم.	,	6
نظرتان درباره این مسئله قابل توجه است، اما فراموش نکنیم که ما به یکدیگر وابسته‌ایم.	,	4
من به یک همکار برای نوشتن گزارش نیاز دارم. آیا کسی تمایل دارد؟	,	3
یادگیری با استفاده از فنون مختلف می‌تواند ما را در مسیر یادگیری پیش ببرد.	,	6
بیایید با هم تجزیه و تحلیل کنیم که چه عواملی باعث این مشکل شده‌اند.	,	2
تجربه‌های گذشته نشان می‌دهد که این نوع رویکرد باید مورد تجدید نظر قرار گیرد.	,	2
بیایید برای ایجاد یک پروژه اجتماعی همکاری کنیم که به جامعه کمک کند.	,	4
این رویکرد می‌تواند کار کند، اما باید نگاهی به استراتژی‌های جدیدتر داشته باشیم.	,	1
تجربیات من خلاف آن چیزی است که شما اشاره کردید.	,	5
آیا کسی تجربیات خود را در یادگیری این مهارت با ما به اشتراک می‌گذارد؟	,	6
در این زمینه، نیاز به شواهد قوی‌تری برای حمایت از نظر شما وجود دارد.	,	2
آیا می‌توانیم از تکنیک‌های خلاقانه برای بررسی مشکلات اجتماعی استفاده کنیم؟	,	1
این راه‌حل به تنهایی نمی‌تواند به حل جامع مسئله کمک کند.	,	2
من به این نتیجه رسیده‌ام که راه‌حل شما در این زمینه کارایی لازم را ندارد.	,	2
تحقیقاتی که در این زمینه انجام شده، همگی نشان‌دهنده این واقعیت هستند.	,	5
این ایده ممکن است برای یک فرد مناسب باشد، اما فراموش نکنیم که ما بخشی از یک کل بزرگ‌تر هستیم.	,	4
من فکر می‌کنم اگر از تجربیات یکدیگر استفاده کنیم، می‌توانیم به نتایج بهتری برسیم.	,	3
یادگیری با تکرار و تمرین می‌تواند نتایج بهتری به همراه داشته باشد.	,	6
روش‌های موجود ممکن است محدودکننده باشند؛ بیایید نگاهی به راه‌حل‌های خلاقانه‌تری بیندازیم.	,	1
مشارکت در فعالیت‌های خلاقانه می‌تواند دیدگاه‌های جدیدی را به ما بدهد.	,	1
با در نظر گرفتن تمام جوانب، می‌توان گفت که این نظریه قابل قبول است.	,	5
ایجاد یک وبلاگ مشترک می‌تواند به ما در گسترش ایده‌ها کمک کند.	,	1
آیا کسی می‌تواند تجربیاتش را در کار گروهی به اشتراک بگذارد؟	,	3
ما می‌توانیم با شرکت در فعالیت‌های داوطلبانه، به جامعه خود کمک کنیم.	,	4
من معتقدم که هر کسی باید در فرآیند تصمیم‌گیری مشارکت داشته باشد.	,	3
آیا می‌توانیم از دیگران نظراتی بگیریم و به بحث ادامه دهیم؟	,	5
استفاده از روش‌های آماری می‌تواند به ما در تجزیه و تحلیل دقیق کمک کند.	,	2
اگر به نتایج مورد نظر نرسیدیم، می‌توانیم به روش‌های جایگزین فکر کنیم.	,	2
این رویکرد می‌تواند مفید باشد، اما ما باید به تجربیات یکدیگر توجه کنیم.	,	3
بیایید در مورد نحوه ارائه کار گروهی به استاد بحث کنیم.	,	3
آیا کسی تمایل دارد که تجربیاتش را در زمینه فعالیت‌های اجتماعی با ما به اشتراک بگذارد؟	,	4
شاید این نظر درست باشد، اما من فکر می‌کنم که باید به سمت خلاقیت بیشتری برویم.	,	6
نتایج به‌دست‌آمده نشان‌دهنده این واقعیت هستند که این نظریه قابل قبول است.	,	5
من همیشه سعی می‌کنم از منابع خود برای کمک به دیگران استفاده کنم.	,	4
من می‌خواهم در این زمینه عمیق‌تر یاد بگیرم، آیا کسی می‌تواند کتاب‌های مفیدی را پیشنهاد کند؟	,	6
تجزیه و تحلیل SWOT می‌تواند به ما در ارزیابی گزینه‌های مختلف کمک کند.	,	2
چگونه می‌توانم با استفاده از منابع دیجیتال، یادگیری خود را تسهیل کنم؟	,	6
آیا کسی تجربه‌ای در راه‌اندازی کمپین‌های اجتماعی دارد که بخواهد به اشتراک بگذارد؟	,	4
بیایید همه با هم در این پروژه مشارکت کنیم تا بهترین نتیجه را بگیریم.	,	3
فکر نمی‌کنم که این رویکرد به تنهایی مؤثر باشد؛ باید دیدگاه‌های دیگران را هم در نظر بگیریم.	,	3
همکاری در پروژه‌های گروهی می‌تواند بسیار جذاب و آموزنده باشد.	,	3
این نتیجه‌گیری بر اساس شواهد و مدارک معتبر به دست آمده است.	,	5
تجربه من نشان می‌دهد که داشتن یک دیدگاه مشترک بسیار مهم است.	,	3
چگونه می‌توانم از تجربیات دیگران برای یادگیری استفاده کنم؟	,	6
چرا ما یک وبلاگ مشترک ایجاد نکنیم تا ایده‌های جدید را منتشر کنیم؟	,	1
آیا می‌توانید منابع آموزشی رایگان برای یادگیری این موضوع معرفی کنید؟	,	6
من می‌خواهم یک نقشه ذهنی برای این موضوع ایجاد کنم. آیا کسی این کار را کرده است؟	,	6
چگونه می‌توانیم یک چارچوب منطقی برای این مسأله طراحی کنیم؟	,	5
اگر اطلاعات جدیدی به دست آوریم، آیا باید به تجزیه و تحلیل خود دوباره نگاه کنیم؟	,	5
آیا کسی می‌تواند تجربیاتش را در زمینه مسئولیت اجتماعی به اشتراک بگذارد؟	,	4
توجه به جزئیات و خلاقیت در حل مشکلات می‌تواند نتایج بهتری به همراه داشته باشد.	,	1
به نظر می‌رسد که این مشکل دارای ابعاد مختلفی است که باید به آن‌ها توجه کنیم.	,	2
ما باید از توانایی‌های هر یک از اعضا برای پیشرفت گروه بهره‌برداری کنیم.	,	3
بیایید این مفهوم را به یک کاراکتر تخیلی تبدیل کنیم و داستان آن را بنویسیم!	,	1
ما باید با یکدیگر همکاری کنیم تا به اهداف اجتماعی‌مان دست یابیم.	,	4
من به همه پیشنهاد می‌کنم که پیش‌نویس‌های خود را با هم به اشتراک بگذاریم.	,	3
من سعی می‌کنم از کارهای تیمی برای یادگیری بهتر بهره ببرم.	,	6
آیا کسی می‌تواند دربارهٔ یادگیری از طریق وبلاگ‌نویسی توضیح دهد؟	,	6
بیایید ایده‌های خود را برای حل چالش‌های پروژه با هم در میان بگذاریم.	,	3
من فکر می‌کنم شما به جنبه‌های کلیدی این مسئله توجه نکرده‌اید.	,	2
من معتقدم که تغییرات مثبت در جامعه از طریق آموزش شروع می‌شود.	,	4
با توجه به تجربیات من، نظر شما نیاز به بازنگری دارد.	,	5
شما به این نکته توجه نکرده‌اید که یادگیری خودآموزی می‌تواند بسیار مؤثر باشد.	,	6
درست است که این روش مفید است، اما زمان آن رسیده که به سمت راه‌حل‌های نوآورانه‌تری برویم.	,	6
استفاده از تکنیک‌های یادگیری فعال می‌تواند در درک عمیق‌تر مفاهیم مؤثر باشد.	,	6
یادگیری از تجربیات همدیگر می‌تواند به رشد شخصی و گروهی کمک کند.	,	3
من فکر می‌کنم شما به برخی از شواهد کلیدی توجه نکرده‌اید.	,	2
ما باید با هم بر روی چالش‌های موجود کار کنیم.	,	3
من فکر می‌کنم شما به جنبه‌های کلیدی این مسئله توجه نکرده‌اید.	,	5
من فکر می‌کنم شما به جنبه‌های کلیدی این مسئله توجه نکرده‌اید.	,	5
ما باید به همدیگر در راستای حل مشکلات اجتماعی کمک کنیم.	,	4
شواهد علمی نشان می‌دهند که این نوع نگرش معمولاً به نتایج نادرستی منجر می‌شود.	,	5
تجربه من نشان می‌دهد که این نوع نگرش به نفع هیچ‌کس نیست.	,	5
آیا می‌توانیم یک روش آزمایشی برای این مسأله طراحی کنیم؟	,	5
ابتدا باید مسأله را به اجزای کوچک‌تری تقسیم کنیم تا بهتر قابل مدیریت باشد.	,	2
چگونه می‌توانم از منابع آنلاین به بهترین نحو برای یادگیری استفاده کنم؟	,	6
چگونه می‌توانیم این درس را با رویدادهای جاری و اجتماعی مرتبط کنیم؟	,	1
نظرتان درباره این موضوع قابل توجه است، اما من فکر می‌کنم که باید به سمت همکاری برویم.	,	3
این روش ممکن است کار کند، اما من فکر می‌کنم که همکاری می‌تواند به ما کمک کند تا از تجربیات یکدیگر بهره‌برداری کنیم.	,	3
تبادل منابع و اطلاعات می‌تواند به ما در انجام پروژه کمک کند.	,	3
تحلیل دقیق شرایط فعلی می‌تواند به ما در شناسایی فرصت‌ها کمک کند.	,	2
بیایید در پروژه‌های اجتماعی به همدیگر انگیزه بدهیم.	,	4
من فکر می‌کنم می‌توانیم از پلتفرم‌های اجتماعی برای افزایش آگاهی استفاده کنیم.	,	4
چگونه می‌توانم از اشتباهات خود یاد بگیرم و آن‌ها را به فرصتی برای رشد تبدیل کنم؟	,	6
اگر به جنبه‌های خلاقانه‌تری از این مشکل نگاه کنیم، می‌توانیم به نتایج بهتری دست یابیم.	,	1
اگر بخواهیم به واقعیت نزدیک شویم، باید شواهد بیشتری ارائه دهیم.	,	5
من یک ایده برای ارائه داریم. آیا کسی می‌تواند در آماده‌سازی آن به من کمک کند؟	,	3
آیا کسی تمایل دارد در ایجاد محتوا برای پروژه همکاری کند؟	,	3
چگونه می‌توانیم یک استراتژی عملی برای حل این مشکل طراحی کنیم؟	,	2
چگونه می‌توانیم از نتایج تحقیق برای حل این مشکل بهره‌برداری کنیم؟	,	2
بررسی عمیق داده‌های موجود می‌تواند به ما در تحلیل بهتر کمک کند.	,	2
این نتیجه‌گیری بر اساس مستندات و شواهد موجود معتبر است.	,	5
نکته مهم این است که باید به داده‌های تاریخی توجه کنیم.	,	2
من به اشتراک‌گذاری منابع مفید با دیگران اعتقاد دارم.	,	6
این نظر می‌تواند در برخی موارد درست باشد، اما من اعتقاد دارم که روش‌های نوآورانه‌تر وجود دارند.	,	6
در این زمینه، باید به شواهد بیشتری استناد کنیم تا به نتیجه‌گیری درستی برسیم.	,	5
شواهد تجربی این ادعا را به خوبی تأیید می‌کنند و می‌توان به آن اعتماد کرد.	,	5
شواهد تاریخی نشان می‌دهند که این نوع رویکرد در گذشته شکست خورده است.	,	5
تجربه شخصی من نشان می‌دهد که یادگیری در محیط‌های متفاوت می‌تواند جالب باشد.	,	6
بیایید با هم یک لیست از راه‌حل‌های ممکن تهیه کنیم.	,	2
چگونه می‌توانیم به‌طور مؤثر با یکدیگر ارتباط برقرار کنیم تا پروژه‌مان بهتر پیش برود؟	,	3
این ایده ممکن است به نظر خوب بیاید، اما مسئولیت‌های اجتماعی ما نمی‌توانند نادیده گرفته شوند.	,	4
مسئولیت اجتماعی ما به ما یادآوری می‌کند که همگی بخشی از یک جامعه هستیم.	,	4
اگر به جنبه‌های خلاقانه‌تر این موضوع نگاه کنیم، می‌توانیم به نتایج بهتری برسیم.	,	1
چگونه می‌توانیم به موضوعات مرتبط با سلامت اجتماعی در پروژه‌مان بپردازیم؟	,	4
آیا می‌توانیم از یک نمودار برای نمایش روابط بین متغیرها استفاده کنیم؟	,	2
آیا می‌توانید منابعی برای یادگیری مهارت‌های تحلیل داده معرفی کنید؟	,	6
آیا کسی مایل است در نوشتن مقالات تحقیقاتی به من کمک کند؟	,	3
شما به این نکته توجه نکرده‌اید که همکاری می‌تواند به ما در حل مشکلات کمک کند.	,	3
پیشرفت تدریجی و مداوم در یادگیری اهمیت دارد و باید به آن توجه کنیم.	,	6
این نظر قابل توجه است، اما من فکر می‌کنم که باید به سمت همکاری برویم.	,	3
نظرتان درباره این موضوع قابل تأمل است، اما من فکر می‌کنم که باید به روش‌های دیگری توجه کنیم.	,	6
چگونه می‌توانیم از تکنیک‌های جدید یادگیری برای بهبود فرآیند یادگیری استفاده کنیم؟	,	1
چگونه می‌توانیم به طور سیستماتیک به حل این مشکل بپردازیم؟	,	2
تجربه شخصی من نشان می‌دهد که همکاری با دیگران در یادگیری مؤثر است.	,	6
تحلیل شما از داده‌ها ناقص است و برخی از حقایق را نادیده می‌گیرد.	,	5
چگونه می‌توانیم از داده‌های تجربی برای ارزیابی این نظریه استفاده کنیم؟	,	2
تحلیل دقیق شرایط فعلی می‌تواند به ما در شناسایی فرصت‌ها کمک کند.	,	2
شما به جنبه‌های مهمی از این مسئله توجه نکرده‌اید که می‌تواند به نتایج بهتری منجر شود.	,	3
بیایید به بررسی تأثیرات اجتماعی ایده‌هایمان بپردازیم.	,	4
ما باید به عنوان دانشجویان، نسبت به چالش‌های اجتماعی و محیط زیستی مسئول باشیم.	,	4
این نوع تحلیل می‌تواند به ما در درک بهتر موضوع کمک کند.	,	5
نتایج به‌دست‌آمده، با پیش‌بینی‌های قبلی همخوانی دارند و این خود تأییدی بر اعتبار آن‌هاست.	,	5
بر اساس داده‌ها، رویکرد شما معمولاً به عواقب غیرمنتظره‌ای منجر می‌شود.	,	2
بیایید نقاط قوت و ضعف هر یک از اعضای گروه را بررسی کنیم و از آن‌ها استفاده کنیم.	,	3
نظرتان درباره این موضوع قابل تأمل است، اما باید به جنبه‌های اجتماعی آن نیز توجه کنیم.	,	4
تجزیه و تحلیل اطلاعات به من کمک می‌کند تا درک بهتری پیدا کنم.	,	6
چگونه می‌توانم با استفاده از تکنیک‌های مدرن، یادگیری خود را تسریع کنم؟	,	6
نظر شما محترم است، اما من به یادگیری خودآموزی به عنوان یک ابزار قوی‌تر نگاه می‌کنم.	,	6
من معمولاً از منابع متعدد برای تقویت یادگیری خود استفاده می‌کنم.	,	6
این روش ممکن است در بعضی موارد کار کند، اما من متوجه شدم که راه‌های جایگزین مؤثرتر هستند.	,	6
تجربه‌های قبلی نشان می‌دهند که این نوع نگرش معمولاً به شکست می‌انجامد.	,	2
بیایید هر یک از گزینه‌های ممکن را بررسی کنیم و نتایج آنها را تحلیل کنیم.	,	2
برگزاری مسابقات ایده‌پردازی می‌تواند خلاقیت را تقویت کند.	,	1
به نظر می‌رسد که این ادعا به خوبی با شواهد موجود سازگار است.	,	5
استفاده از بازخورد از دیگران می‌تواند به ما در اصلاح استراتژی‌های‌مان کمک کند.	,	2
به نظر می‌رسد که این مدل در عمل نیز کاربردی است.	,	5
نظرتان قابل توجه است، اما من فکر می‌کنم می‌توانیم از ایده‌های خلاقانه‌تری بهره ببریم.	,	1
من فکر می‌کنم که شما به نکته‌ای بسیار مهم توجه نکرده‌اید.	,	5
آیا شما می‌توانید مثال‌هایی از داده‌های مربوطه ارائه دهید؟	,	5
تحلیل دقیق این موضوع می‌تواند به ما در کشف حقایق کمک کند.	,	5
شاید این نظر درست باشد، اما من تجربیات متفاوتی دارم که نشان می‌دهد روش‌های دیگری نیز وجود دارند.	,	6
در پروژه گروهی، هماهنگی بین اعضا بسیار حائز اهمیت است و ما باید به یکدیگر کمک کنیم.	,	3
من فکر می‌کنم اگر هر کسی مسئولیت خاصی را بپذیرد، کارمان خیلی بهتر پیش می‌رود.	,	3
به نظر من، تأثیرات اجتماعی هر عمل باید در نظر گرفته شود و نه تنها منفعت فردی.	,	4
این روش ممکن است کار کند، اما من به دنبال روش‌های متفاوتی هستم که به تجربیات ما نزدیک‌تر باشند.	,	3
تحقیقات نشان می‌دهند که این نوع راه‌حل‌ها ممکن است مؤثر نباشند.	,	1
من همیشه سعی می‌کنم در پروژه‌های اجتماعی مشارکت داشته باشم.	,	4
این مسأله نیاز به یک رویکرد چندگانه دارد تا بتوانیم به نتیجه‌گیری دقیق‌تری برسیم.	,	2
به نظر من، همکاری گروهی می‌تواند به ما کمک کند تا از تجربیات یکدیگر استفاده کنیم.	,	3
من به طور منظم زمان‌هایی را برای یادگیری و مطالعه برنامه‌ریزی می‌کنم.	,	6
یادگیری از یکدیگر می‌تواند روند یادگیری را تسریع کند.	,	3
چگونه می‌توانم از نرم‌افزارهای آموزشی برای یادگیری استفاده کنم؟	,	6
من برای فهم بهتر این موضوع، پروژه‌های کوچک انجام می‌دهم.	,	6
آیا کسی تمایل دارد در بحث در مورد تأثیرات اجتماعی کار گروهی کمک کند؟	,	4
نظرتان قابل توجه است، اما من فکر می‌کنم می‌توانیم از ایده‌های خلاقانه‌تری بهره ببریم.	,	1
نظرتان در مورد این مسئله معتبر است، اما فکر می‌کنم همکاری نزدیک‌تر با همکلاسی‌ها می‌تواند به درک بهتری منجر شود.	,	3
من فکر می‌کنم اگر همه با هم کار کنیم، نتایج بهتری خواهیم داشت.	,	3
در این تحلیل، چه پارامترهایی باید مد نظر قرار گیرند؟	,	5
بیایید به نیازهای افراد آسیب‌پذیر توجه کنیم و به آن‌ها کمک کنیم.	,	4
تحقیقات نشان می‌دهد که این نوع استراتژی معمولاً در عمل مؤثر نیست.	,	2
برای اثبات این نظریه چه دلایلی لازم است؟	,	5
نظر شما در مورد این مسئله نادرست است؛ شواهد علمی نشان می‌دهد که این راه‌حل نمی‌تواند کارایی لازم را داشته باشد.	,	2
آیا می‌توانیم در این بحث به مسائل اجتماعی و فرهنگی نیز بپردازیم؟	,	4
ایده شما ممکن است جالب باشد، اما من فکر می‌کنم که مسئولیت اجتماعی ما اهمیت بیشتری دارد.	,	4
آیا شواهدی وجود دارد که نشان دهد این روش برای حل مسأله مؤثر است؟	,	2
آیا کسی می‌تواند در جمع‌آوری داده‌ها به من کمک کند؟	,	3
آیا کسی می‌تواند در نوشتن خلاصه‌ای از پروژه به من کمک کند؟	,	3
نظرتان محترم است، اما من به یادگیری خودآموزی به عنوان یک ابزار قوی‌تر نگاه می‌کنم.	,	6
ایده‌های تازه می‌تواند از تعامل با دیگران ناشی شود.	,	1
استفاده از تکنیک‌های خلاقانه برای حل مشکلات می‌تواند بسیار کارآمد باشد.	,	1
چگونه می‌توانیم از تفکر تحلیلی برای حل این چالش استفاده کنیم؟	,	2
شما به جنبه‌های مهمی از این مسئله توجه نکرده‌اید که می‌تواند به نتایج بهتری منجر شود.	,	6
درست است که این رویکرد مفید است، اما زمان آن رسیده که به سمت راه‌حل‌های نوآورانه‌تری برویم.	,	6
چگونه می‌توانیم از روش‌های ابتکاری برای جذب توجه بیشتر به این موضوع استفاده کنیم؟	,	1
من فکر می‌کنم افزایش آگاهی اجتماعی در بین همکلاسی‌هایمان بسیار مهم است.	,	4
من فکر می‌کنم که باید به تأثیرات اجتماعی انتخاب‌های خود توجه کنیم و فقط به منافع فردی فکر نکنیم.	,	4
من فکر می‌کنم همکاری میان اعضای گروه می‌تواند به پیشرفت سریع‌تر کمک کند.	,	3
بهتر است که ابتدا فرضیات خود را در مورد مسأله مشخص کنیم.	,	2
نظرتان ممکن است درست باشد، اما باید به یاد داشته باشیم که هر انتخاب ما عواقب اجتماعی دارد.	,	4
چگونه می‌توانیم با استفاده از فناوری‌های جدید به افزایش آگاهی اجتماعی کمک کنیم؟	,	4
مشارکت در فعالیت‌های اجتماعی می‌تواند به تقویت روحیه همکاری کمک کند.	,	4
من فکر می‌کنم که این رویکرد نیاز به بازنگری دارد و نمی‌تواند پاسخگوی همه نیازها باشد.	,	6
ایده شما ممکن است جذاب باشد، اما من به اثرات مثبت همکاری در حل مشکلات اعتقاد دارم.	,	3
چگونه می‌توانیم از روش‌های تحقیق کیفی برای بررسی این موضوع استفاده کنیم؟	,	5
شما به جنبه‌های اجتماعی این موضوع بی‌توجه بوده‌اید؛ ما باید از هم حمایت کنیم.	,	4
چگونه می‌توانیم از تکنیک‌های مدرن برای تجزیه و تحلیل داده‌ها استفاده کنیم؟	,	1
این تحلیل بر اساس مستندات و شواهد موجود معتبر است.	,	5
آیا کسی می‌تواند دربارهٔ یادگیری از طریق تجربیات شخصی صحبت کند؟	,	6
من نمی‌توانم با شما موافقت کنم، زیرا شواهد کافی برای حمایت از نظر شما وجود ندارد.	,	2
این نظر ممکن است منطقی به نظر برسد، اما ما باید به پیامدهای اجتماعی آن توجه بیشتری داشته باشیم.	,	4
این رویکرد ممکن است برای فردی کار کند، اما برای جامعه نمی‌تواند کافی باشد.	,	4
چگونه می‌توانیم از مدل‌های منطقی برای حل این مسأله استفاده کنیم؟	,	2
نظرتان ممکن است درست باشد، اما من به تجربیات خودم اعتماد دارم و رویکردهای متفاوتی را امتحان کرده‌ام.	,	6
تجربه من نشان می‌دهد که یادگیری از طریق تدریس به دیگران بسیار مؤثر است.	,	6
مسئله‌ای که شما مطرح کردید به این سادگی حل نمی‌شود و نیاز به راه‌حل‌های پیچیده‌تری دارد.	,	2
با تمام احترامی که برای نظرتان قائل هستم، اما من با توجه به تجربیات خود، روش دیگری را ترجیح می‌دهم.	,	6
تحلیل علت و معلولی می‌تواند به ما کمک کند تا ریشه‌های این مسأله را شناسایی کنیم.	,	2
توجه به تجربیات مختلف می‌تواند به ما در پیدا کردن راه‌حل‌های نوآورانه کمک کند.	,	3
تحلیل دقیق این موضوع به ما کمک می‌کند تا از کلی‌گویی‌ها دوری کنیم.	,	5
آیا می‌توانید راهنمایی کنید که چگونه می‌توانم به طور مؤثر یاد بگیرم؟	,	6
بیایید بررسی کنیم که چگونه می‌توانیم در تحقیقاتمان به مسئولیت اجتماعی توجه کنیم.	,	4
به جای این روش، بهتر است به سمت یک استراتژی نوآورانه‌تر برویم.	,	1
آیا می‌توانید توضیح دهید که چگونه می‌توانیم نتایج را به صورت کمی اندازه‌گیری کنیم؟	,	2
بر اساس داده‌های موجود، این راه‌حل نمی‌تواند به تنهایی کارآمد باشد.	,	2
چگونه می‌توانم از تجربیات عملی برای یادگیری بهتر استفاده کنم؟	,	6
با این حال، من فکر می‌کنم که باید دیدگاه‌های خلاقانه‌تری را در نظر بگیریم.	,	1
آیا کسی تمایل دارد که در تهیه مواد و منابع برای پروژه به من کمک کند؟	,	3
من فکر می‌کنم که باید به تأثیرات اجتماعی انتخاب‌های خود توجه کنیم و فقط به منافع فردی فکر نکنیم.	,	4
اگر اطلاعات بیشتری کسب کنیم، آیا نیاز به بازنگری در نتایج وجود دارد؟	,	5
درست است که شما بر موفقیت فردی تأکید کرده‌اید، اما ما باید به نیازهای جامعه نیز توجه کنیم.	,	4
توجه به مشکلات اجتماعی می‌تواند به ما در بهبود کیفیت زندگی کمک کند.	,	4
من همیشه سعی می‌کنم یادگیری خود را با تجربه‌های عملی تقویت کنم.	,	6
آیا می‌توانیم یک وبینار دربارهٔ یادگیری خودآموزی برگزار کنیم؟	,	6
برخی از شواهد به وضوح نشان می‌دهند که نظر شما نمی‌تواند درست باشد.	,	5
نظرتان در مورد این موضوع جذاب است، اما من فکر می‌کنم با یک تغییر می‌توانیم به نتایج بهتری برسیم.	,	1
بسیار مهم است که به نیازهای جامعه توجه کنیم و در راستای حل مشکلات آن تلاش کنیم.	,	4
به وضوح می‌توان گفت که این نتیجه‌گیری بر اساس شواهد قوی استوار است.	,	5
آیا کسی مایل است در نوشتن متن گزارش پروژه با من همکاری کند؟	,	3
من فکر می‌کنم در این پروژه باید به تأثیرات اجتماعی کارمان توجه کنیم.	,	4
چرا نکنیم که ایده‌های خود را در قالب یک پادکست به اشتراک بگذاریم؟	,	1
این نوع تحلیل به ما کمک می‌کند تا از جزئیات مهم غافل نشویم.	,	5
من همیشه سعی می‌کنم به نظرات همکارانم احترام بگذارم.	,	3
من همیشه سعی می‌کنم به مشکلات اجتماعی توجه کنم و به آن‌ها پاسخ دهم.	,	4
ایجاد یک پلتفرم آنلاین برای به اشتراک گذاشتن ایده‌ها می‌تواند مؤثر باشد.	,	1
من نمی‌توانم نتیجه‌گیری شما را تایید کنم، زیرا شواهد کافی ارائه نشده است.	,	5
آیا می‌توانیم یک مسابقه ایده‌پردازی برگزار کنیم و به بهترین ایده‌ها جوایزی اهدا کنیم؟	,	1
تبادل تجربیات می‌تواند به ما در حل مسائل کمک کند.	,	3
چه نوع شواهدی می‌تواند به تقویت این نظریه کمک کند؟	,	5
چگونه می‌توانیم از تکنیک‌های حل مسأله ساختاری برای تجزیه و تحلیل این چالش استفاده کنیم؟	,	2
تحقیقات نشان می‌دهند که این نوع استدلال معمولاً به نتایج نادرستی منجر می‌شود.	,	2
آیا می‌توانید توضیح دهید که چگونه می‌توانیم از داده‌های بزرگ برای حمایت از این نتیجه استفاده کنیم؟	,	5
آیا کسی تجربه‌ای در راه‌اندازی کمپین‌های اجتماعی دارد که بخواهد به اشتراک بگذارد؟	,	4
آیا کسی می‌تواند در طراحی ارائه به من کمک کند؟	,	3
یادگیری از طریق تجربه‌های روزمره می‌تواند بسیار آموزنده باشد.	,	6
نتایج به‌دست‌آمده نشان‌دهنده این واقعیت هستند که این نظریه قابل قبول است.	,	5
من سعی می‌کنم با استفاده از شیوه‌های مختلف یادگیری، موضوعات را درک کنم.	,	6
آیا می‌توانیم یک مدل ریاضی برای این مسأله ارائه دهیم؟	,	5
ایده شما می‌تواند کار کند، اما بیایید نگاهی به راه‌حل‌های خلاقانه‌تری بیندازیم.	,	1
آیا می‌توانیم با استفاده از این مثال، درک بهتری از موضوع پیدا کنیم؟	,	5
تحقیقات در این زمینه نشان می‌دهند که این نوع رویکرد معمولاً موثر نیست.	,	2
من از یک پادکست جالب دربارهٔ این موضوع شنیدم. آیا کسی آن را گوش کرده است؟	,	6
شاید این نظر از یک زاویه درست به نظر برسد، اما من با خودآموزی به نتایج بهتری دست یافته‌ام.	,	6
چگونه می‌توانیم تأثیر این راه‌حل را بر وضعیت فعلی ارزیابی کنیم؟	,	2
شاید بتوانیم از تکنیک‌های جدید تدریس مثل flipped classroom استفاده کنیم.	,	1
توجه به نقاط قوت و ضعف هر یک از اعضا می‌تواند به بهبود کار گروهی کمک کند.	,	3
نتایج تحقیق نشان می‌دهد که رویکرد پیشنهادی شما ممکن است مناسب نباشد.	,	5
چه روش‌هایی برای ارزیابی این نظریه وجود دارد؟	,	5
تحلیل فیلم‌های مستند می‌تواند به ما در درک عمیق‌تر موضوع کمک کند.	,	1
چگونه می‌توانم به صورت آنلاین بیشتر دربارهٔ این موضوع یاد بگیرم؟	,	6
در حالی که نظر شما خوب است، اما زمان آن رسیده که به سمت خلاقیت بیشتری برویم.	,	1
چگونه می‌توانیم یک همایش آنلاین با موضوع خلاقیت برگزار کنیم؟	,	1
نظرتان درباره این مسئله قابل توجه است، اما فراموش نکنیم که ما به یکدیگر وابسته‌ایم.	,	4
تجزیه و تحلیل مسائل به ما در رسیدن به راه‌حل‌های بهتر کمک می‌کند.	,	2
من معتقدم که همه ما باید در قبال جامعه‌مان احساس مسئولیت کنیم.	,	4
چگونه می‌توانم برای خودم یک برنامه یادگیری شخصی ایجاد کنم؟	,	6
تحلیل شما از مسئله ناقص است، زیرا برخی از عوامل را نادیده گرفته‌اید.	,	5
من نمی‌توانم با شما موافقت کنم، زیرا شواهد کافی برای حمایت از نظر شما وجود ندارد.	,	2
توجه به نیازهای یکدیگر می‌تواند به کار گروهی کمک کند.	,	3
مطالعه تجربیات موفق افراد دیگر می‌تواند به ما کمک کند.	,	6
من فکر می‌کنم که ما به عنوان شهروندان مسئول باید به همدیگر کمک کنیم و تنها به منافع شخصی توجه نکنیم.	,	4
این نتیجه‌گیری بر اساس شواهد و داده‌های معتبر انجام شده است.	,	5
تحلیل شما از داده‌ها ناقص است و برخی از حقایق را نادیده می‌گیرد.	,	2
توجه به تجربیات دیگران می‌تواند به ما در خلاقیت یاری رساند.	,	1
من به این نتیجه رسیده‌ام که مسئولیت اجتماعی باید بخشی از برنامه‌های آموزشی ما باشد.	,	4
برای درک بهتر این مفهوم، ویدیوهای آموزشی یوتیوب را بررسی کردم و بسیار کمک‌کننده بودند.	,	6
من نیاز به کمک دارم. آیا کسی می‌تواند در نوشتن مقاله به من کمک کند؟	,	3
یادگیری درباره مسائل اجتماعی به ما کمک می‌کند تا بهتر عمل کنیم.	,	4
چگونه می‌توانیم با استفاده از فناوری‌های جدید، ایده‌های خلاقانه‌مان را به واقعیت تبدیل کنیم؟	,	1
شما به این نکته توجه نکرده‌اید که همکاری می‌تواند به ما در حل مشکلات کمک کند.	,	3
من فکر می‌کنم که این ایده نیاز به بازنگری دارد و باید به سمت خلاقیت بیشتری برویم.	,	1
این روش ممکن است کار کند، اما من به این فکر می‌کنم که چگونه می‌توانیم به جامعه‌مان خدمت کنیم.	,	4
آیا می‌توانید وبسایت‌های مفید برای یادگیری ریاضی معرفی کنید؟	,	6
استاد، می‌توانیم این مسأله را به مراحل کوچکتر تقسیم کنیم تا راحت‌تر حل شود؟	,	2
توجه به تجربیات قبلی می‌تواند به ما در اجتناب از اشتباهات کمک کند.	,	2
ایجاد یک کتابخانه مجازی از منابع خلاقانه می‌تواند به ما کمک کند.	,	1
اگر ما این فرض را به چالش بکشیم، چه تغییراتی در نتایج خواهیم دید؟	,	5
اگر ما از روش جایگزین استفاده کنیم، چه نتایجی به دست می‌آید؟	,	2
آیا می‌توانید کتاب‌های معروف در زمینه خودیادگیری معرفی کنید؟	,	6
ما باید به همدیگر در راستای رشد اجتماعی کمک کنیم.	,	4
نکته مهم این است که داده‌ها به وضوح این تحلیل را تأیید می‌کنند.	,	5
ما می‌توانیم با همکاری نزدیک‌تر، ایده‌های نوآورانه‌ای تولید کنیم.	,	3
در این پروژه، باید به تأثیرات اجتماعی و فرهنگی آن توجه کنیم.	,	4
این ادعا بر اساس مشاهدات علمی و تجربی تقویت شده است.	,	5
بیایید یک جلسه آنلاین برای بحث در مورد پروژه‌های گروهی برگزار کنیم.	,	3
استفاده از رویکردهای تحلیلی می‌تواند ما را در انتخاب بهترین راه‌حل یاری کند.	,	2
این رویکرد می‌تواند به ما در انتخاب راه‌حل‌های مؤثر کمک کند.	,	2
ایده شما می‌تواند کار کند، اما من اعتقاد دارم که با خلاقیت بیشتر می‌توانیم به نتایج بهتری دست یابیم.	,	1
ما می‌توانیم با همکاری، مشکلات را راحت‌تر حل کنیم و نتایج بهتری بگیریم.	,	3
من به این ایده مخالفم، زیرا راه‌حل‌های نوآورانه‌تر ممکن است نتایج بهتری ارائه دهند.	,	1
به نظر من، بهتر است که در جلسات آنلاین، نظرات یکدیگر را جدی بگیریم.	,	3
این نظر ممکن است درست باشد، اما من به یادگیری گروهی به عنوان یک ابزار قوی‌تر نگاه می‌کنم.	,	3
من فکر می‌کنم با یک تغییر در این ایده می‌توانیم آن را به یک راه‌حل نوآورانه تبدیل کنیم.	,	1
آیا کسی می‌تواند به من در تجزیه و تحلیل مقالات کمک کند؟	,	3
من می‌توانم در جمع‌آوری اطلاعات به شما کمک کنم، بیایید با هم کار کنیم.	,	3
من همیشه سعی می‌کنم مقالات مرتبط را مطالعه کنم تا دیدگاه‌های مختلفی پیدا کنم.	,	6
شما به بعضی از جنبه‌های اجتماعی این موضوع توجه نکرده‌اید؛ ما باید همه را در نظر بگیریم.	,	4
تعیین معیارهای موفقیت می‌تواند به ما در ارزیابی راه‌حل‌ها کمک کند.	,	2
تحقیقات نشان می‌دهند که این نوع تصمیم‌گیری‌ها معمولاً به نتایج نامطلوب می‌انجامند.	,	2
نتایج تحقیقات قبلی نشان می‌دهند که رویکرد شما معمولاً موثر نبوده است.	,	5
اگر بتوانیم یک وبینار با یک کارشناس برگزار کنیم، می‌توانیم به عمق بیشتری برویم.	,	1
با توجه به شرایط، به نظر می‌رسد که رویکرد شما نمی‌تواند کارآمد باشد.	,	2
استدلال‌های منطقی موجود در این بحث نشان‌دهنده دقت بالا هستند.	,	5
برای یادگیری بهتر، می‌توانم از نرم‌افزارهای مختلف استفاده کنم.	,	6
شاید این ایده جالب باشد، اما من تجربیات متفاوتی دارم که نشان می‌دهد روش‌های دیگری نیز وجود دارند.	,	6
آیا می‌توانیم از ابزارهای دیجیتال برای ارائه ایده‌های خود استفاده کنیم؟	,	1
اگر فرض کنیم که منابع محدود است، چگونه می‌توانیم این مشکل را حل کنیم؟	,	2
آیا می‌توانیم از هنر دیجیتال برای ایجاد محتوای خلاقانه استفاده کنیم؟	,	1
تحلیل رویدادهای روز می‌تواند به ما در پیدا کردن ایده‌های جدید کمک کند.	,	1
این راه‌حل، با توجه به محدودیت‌های موجود، ممکن است به نتایج نامطلوبی منجر شود.	,	2
به نظر من، تأثیرات اجتماعی هر عمل باید در نظر گرفته شود و نه تنها منفعت فردی.	,	4
این نظر ممکن است درست باشد، اما من به یادگیری گروهی به عنوان یک ابزار قوی‌تر نگاه می‌کنم.	,	3
چگونه می‌توانیم زمان‌بندی پروژه را به‌طور مؤثرتری مدیریت کنیم؟	,	3
ایده شما ممکن است جالب باشد، اما من فکر می‌کنم که مسئولیت اجتماعی ما اهمیت بیشتری دارد.	,	4
چگونه می‌توانم از تجربیات دیگران در یادگیری استفاده کنم؟	,	6
آیا کسی در زمینه طراحی گرافیکی مهارت دارد که بخواهد کمک کند؟	,	3
ایجاد یک فضای خلاقانه در کلاس می‌تواند موجب افزایش انگیزه شود.	,	1
تحقیقات نشان می‌دهند که این نوع راه‌حل‌ها ممکن است مؤثر نباشند.	,	1
من پیشنهاد می‌کنم که بخشی از پروژه‌مان را به آگاهی‌رسانی در مورد مسائل اجتماعی اختصاص دهیم.	,	4
چگونه می‌توانیم از یک روش تحلیلی برای تحلیل این مسأله بهره‌برداری کنیم؟	,	2
من فکر می‌کنم که شما به یک پیش‌فرض نادرست تکیه کرده‌اید.	,	2
می‌توانیم از تجربیات گذشته برای راهنمایی در حل این مسأله استفاده کنیم.	,	2
به نظر من، تأثیرات اجتماعی هر عمل باید در نظر گرفته شود و نه تنها منفعت فردی.	,	4
بیایید با همکاری یکدیگر، به حل مشکلات اجتماعی کمک کنیم.	,	4
برای حل این مسأله، می‌توانیم از تجزیه و تحلیل داده‌ها استفاده کنیم.	,	2
ما باید با به اشتراک‌گذاری تجربیات، به یکدیگر کمک کنیم.	,	4
در حالی که نظرتان منطقی به نظر می‌رسد، اما باید به اثرات اجتماعی آن بیشتر فکر کنیم.	,	4
شما به نکات مهمی از این موضوع بی‌توجه بوده‌اید که می‌تواند به نتایج بهتری منجر شود.	,	3
نمی‌توان تنها به یک جنبه از مشکل توجه کرد؛ باید همه جوانب را مدنظر قرار دهیم.	,	2
نظرتان درباره این موضوع قابل تأمل است، اما باید به جنبه‌های اجتماعی آن نیز توجه کنیم.	,	4
این روش ممکن است برای بعضی مناسب باشد، اما ما مسئولیت داریم که به جامعه‌مان توجه کنیم.	,	4
آیا کسی مایل است در تدوین پیشنهاد پروژه به من کمک کند؟	,	3
من به دلایل زیر با نظر شما مخالفم: (شواهد خود را بیان کنید).	,	2
با احترام به نظرتان، من فکر می‌کنم که خودآموزی می‌تواند راه‌های بهتری برای یادگیری فراهم کند.	,	6
این رویکرد ممکن است کار کند، اما من فکر می‌کنم که باید به سمت راه‌حل‌های نوآورانه‌تری برویم.	,	6
تحلیل منطقی می‌تواند به ما کمک کند تا از جزئیات مهم غافل نشویم.	,	5
ما می‌توانیم از داستان‌گویی برای انتقال ایده‌ها به شیوه‌ای جذاب‌تر استفاده کنیم.	,	1
بیایید از همدیگر بازخورد بگیریم تا کار گروهی‌مان بهتر شود.	,	3
تجربه من نشان می‌دهد که همکاری می‌تواند باعث افزایش خلاقیت شود.	,	3
بیایید با هم ایده‌های جدیدی را برای پروژه مطرح کنیم.	,	3
من می‌توانم در تهیه محتوا به شما کمک کنم، بیایید با هم کار کنیم.	,	3
آیا می‌توانیم یک مسابقه طراحی راه‌اندازی کنیم که در آن بهترین ایده‌ها شناسایی شوند؟	,	1
چرا از مسابقات هنری برای تحریک خلاقیت در کلاس استفاده نکنیم؟	,	1
استفاده از ابزارهای گرافیکی می‌تواند ایده‌ها را بهتر منتقل کند.	,	1
نظرتان درباره این رویکرد قابل تأمل است، اما من فکر می‌کنم که باید بر تأثیرات اجتماعی آن تأکید کنیم.	,	4
آیا کسی می‌تواند دربارهٔ یادگیری مبتنی بر پروژه توضیح دهد؟	,	6
نظرتان ممکن است درست باشد، اما باید به یاد داشته باشیم که هر انتخاب ما عواقب اجتماعی دارد.	,	4
چگونه می‌توانیم از روش‌های نوآورانه برای حل مشکلات اجتماعی استفاده کنیم؟	,	1
من فکر می‌کنم که توجه به مسائل اجتماعی در پروژه‌های ما بسیار مهم است.	,	4
من فکر می‌کنم آموزش مسائل اجتماعی به جوانان بسیار مهم است. چه نظری دارید؟	,	4
آیا می‌توانید نمونه‌هایی از چالش‌های مشابه که حل شده‌اند، به ما بدهید؟	,	2
من با جستجوی منابع معتبر، اطلاعات جدیدی به دست می‌آورم.	,	6
در فرآیند یادگیری، مرور مداوم مطالب بسیار اهمیت دارد.	,	6
ایجاد گروه‌های کوچک برای تبادل ایده‌ها می‌تواند خلاقیت را افزایش دهد.	,	1
بر اساس تحقیقات گذشته، می‌توانیم به این نتیجه برسیم.	,	5
من به این نتیجه رسیده‌ام که مسئولیت اجتماعی یکی از ارکان توسعه پایدار است.	,	4
توجه به جنبه‌های مختلف این موضوع می‌تواند ما را به نتایج جدیدی برساند.	,	2
من نمی‌توانم با شما موافقت کنم، زیرا شواهدی که ارائه کرده‌اید ناکافی است.	,	5
من فکر می‌کنم که کار گروهی می‌تواند به ما در حل چالش‌های اجتماعی کمک کند.	,	4
توجه به جزئیات و تحلیل دقیق مطالب در یادگیری مهم است.	,	6
بهتر است از مدل‌های تحلیلی برای بررسی نتایج استفاده کنیم.	,	2
آیا می‌توانیم با تجزیه و تحلیل وضعیت فعلی، به یک راه‌حل مؤثر برسیم؟	,	2
با تمام احترامی که برای نظرتان قائل هستم، اما من با توجه به اطلاعاتی که دارم، معتقدم که باید از روش‌های بهتری استفاده کنیم.	,	6
بیایید نظرات و ایده‌های یکدیگر را در اینجا بررسی کنیم تا به بهترین نتیجه برسیم.	,	3
تجربه‌های قبلی نشان می‌دهند که این نوع استدلال معمولاً به نتایج نادرستی منجر می‌شود.	,	5
توجه به جزئیات این موضوع می‌تواند باعث تغییر نظر شما شود.	,	5
نظرتان جالب است، اما همکاری می‌تواند به ما کمک کند تا بهترین راه‌حل را پیدا کنیم.	,	3
چگونه می‌توانیم از روندها برای پیش‌بینی نتایج استفاده کنیم؟	,	2
نکته کلیدی این است که شواهد به وضوح این تحلیل را تقویت می‌کنند.	,	5
آیا می‌توانید مثالی از یک راه‌حل مؤثر برای این مشکل ارائه دهید؟	,	2
بیایید با هم یک نمایشگاه مجازی با آثار خلاقانه‌مان راه‌اندازی کنیم.	,	1
شواهد تاریخی حاکی از این است که این نوع تصمیم‌گیری‌ها عواقب جبران‌ناپذیری دارند.	,	2
شما به برخی از نقاط قوت کار گروهی بی‌توجه بوده‌اید و باید این جنبه‌ها را نیز در نظر بگیرید.	,	3
این رویکرد ممکن است کار کند، اما من به دنبال روش‌های متفاوتی هستم که به تجربیات من نزدیک‌تر باشند.	,	6
از تفکر معکوس می‌توانیم برای پیدا کردن راه‌حل‌های غیرمعمول استفاده کنیم.	,	1
شاید بهتر باشد به جای این روش، از یک رویکرد جدید و خلاقانه استفاده کنیم.	,	1
شما به جنبه‌های مهمی از این مسئله توجه نکرده‌اید که می‌تواند به نتایج بهتری منجر شود.	,	1
آیا کسی نظری دربارهٔ روش‌های ارزیابی پروژه دارد که بخواهد به اشتراک بگذارد؟	,	3
درست است که این روش در گذشته مؤثر بوده، اما زمان آن رسیده که به سمت روش‌های نوآورانه‌تری برویم.	,	1
تفکر خلاق در کنار تفکر منطقی می‌تواند به ما در حل این مسأله کمک کند.	,	2
توجه به تجربیات دیگران در زمینه‌های مختلف می‌تواند دیدگاه‌های جدیدی به ما بدهد.	,	1
نظرتان درباره این موضوع قابل تأمل است، اما باید به جنبه‌های اجتماعی آن نیز توجه کنیم.	,	4
شما به بعضی از جنبه‌های اجتماعی این موضوع توجه نکرده‌اید؛ ما باید همه را در نظر بگیریم.	,	4
من معمولاً سعی می‌کنم از تجربیات و نظرات دیگران بهره‌برداری کنم.	,	6
این رویکرد در برخی موارد کارآمد است، اما من فکر می‌کنم بهتر است از روش‌های دیگری استفاده کنیم.	,	6
من در حال جستجوی دوره‌های آنلاین رایگان هستم. آیا کسی پیشنهاد خاصی دارد؟	,	6
چگونه می‌توانم برای مطالعه خود برنامه‌ریزی کنم؟	,	6
چگونه می‌توانیم از داده‌های تحقیق‌مان برای حل مشکلات اجتماعی استفاده کنیم؟	,	4
آیا می‌توانیم از تجربیات هنرمندان برای الهام گرفتن در این پروژه استفاده کنیم؟	,	1
نظرتان ممکن است درست باشد، اما باید به یاد داشته باشیم که هر انتخاب ما عواقب اجتماعی دارد.	,	4
این نظر ممکن است درست باشد، اما من به تجربه‌های مشترک اعتقاد دارم که می‌تواند به ما کمک کند.	,	3
این نظر می‌تواند در برخی موارد درست باشد، اما من اعتقاد دارم که روش‌های نوآورانه‌تر وجود دارند.	,	3
آیا می‌توانیم از داده‌های موجود برای بررسی گزینه‌های مختلف استفاده کنیم؟	,	2
من نمی‌توانم با شما موافقت کنم، زیرا شواهد کافی برای حمایت از نظر شما وجود ندارد.	,	5
به نظر من، این رویکرد محدود است و باید از پتانسیل گروه به‌خوبی استفاده کنیم.	,	3
چرا نکنیم که از تجربیات موفق دیگران الهام بگیریم؟	,	1
بیایید دربارهٔ چگونگی تأثیرگذاری بر جامعه از طریق تحقیق و پروژه‌هامان بحث کنیم.	,	4
چه شواهدی می‌تواند به تأیید یا رد این ادعا کمک کند؟	,	5
آیا کسی تمایل دارد که در مرور ادبیات تحقیق با من همکاری کند؟	,	3
بیایید برای این موضوع یک فایل مشترک ایجاد کنیم تا همه بتوانند به آن دسترسی داشته باشند.	,	3
من سعی می‌کنم زمان‌هایی را برای مرور و بازنگری مطالب اختصاص دهم.	,	6
با توجه به تجربیات قبلی، این رویکرد معمولاً به مشکل بیشتری منجر می‌شود.	,	2
نظرتان درباره این مسئله قابل توجه است، اما فراموش نکنیم که ما به یکدیگر وابسته‌ایم.	,	4
برگزاری نمایشگاه‌های مجازی می‌تواند بستر خوبی برای اشتراک‌گذاری ایده‌ها باشد.	,	1
شواهد موجود نشان‌دهنده این هستند که این نظریه معتبر است.	,	5
استدلال منطقی می‌تواند به ما در رسیدن به نتایج صحیح کمک کند.	,	5
تحقیقات نشان می‌دهند که رویکرد شما به تنهایی نمی‌تواند کارا باشد.	,	2
این ادعا به خوبی با داده‌های تجربی و شواهد قابل تأیید است.	,	5
به نظر می‌رسد که این ادعا به خوبی با شواهد موجود سازگار است.	,	5
آیا می‌توانیم با هم این مسأله را تجزیه و تحلیل کنیم تا به نتیجه‌ای برسیم؟	,	2
تجربه شخصی من نشان می‌دهد که آزمون و خطا در یادگیری بسیار مفید است.	,	6
بیایید هر کس یک ایده برای حل چالش‌های پروژه ارائه دهد.	,	3
این نظر خوب است، اما به عنوان افراد مسئول باید به پیامدهای اجتماعی انتخاب‌های‌مان توجه کنیم.	,	4
ارزیابی مؤلفه‌های مختلف می‌تواند به ما در تحلیل دقیق‌تر کمک کند.	,	2
استفاده از روش‌های خلاقانه در آموزش می‌تواند یادگیری را جذاب‌تر کند.	,	1
نظرتان درباره این رویکرد قابل تأمل است، اما من فکر می‌کنم که باید بر تأثیرات اجتماعی آن تأکید کنیم.	,	4
برای این مسأله، می‌توانیم چه گزینه‌های مختلفی را بررسی کنیم؟	,	2
من با این نظر مخالفم؛ خودآموزی به من کمک کرده است که بهتر یاد بگیرم و درک عمیق‌تری پیدا کنم.	,	6
تحلیل‌های قبلی در این زمینه به وضوح به این نتیجه اشاره کرده‌اند.	,	5
من پیشنهاد می‌کنم که هر کس گزارشی از پیشرفت کارش ارائه دهد.	,	3
توجه به روند یادگیری و اصلاح آن در طول زمان اهمیت دارد.	,	6
تحلیل مطالب و نکات کلیدی به من در یادگیری بهتر کمک می‌کند.	,	6
آیا می‌توانیم از روش‌های منطقی برای تجزیه و تحلیل این مسأله استفاده کنیم؟	,	5
بیایید نظرات و بازخوردهای یکدیگر را دربارهٔ پروژه‌مان بررسی کنیم.	,	3
آیا می‌توانید تجربیات خود را در مورد حل مشکلات مشابه با ما به اشتراک بگذارید؟	,	2
من برای یادگیری بهتر، اهداف مشخصی تعیین می‌کنم.	,	6
بیایید بررسی کنیم که چگونه می‌توانیم در پروژه‌امان به مسئولیت اجتماعی توجه کنیم.	,	4
از تکنیک‌های تفکر طراحی می‌توانیم برای یافتن راه‌حل‌های نوآورانه استفاده کنیم.	,	2
مسئولیت اجتماعی ما به عنوان دانشجویان فراتر از کلاس درس است و باید به جامعه توجه کنیم.	,	4
به جای این رویکرد، پیشنهاد می‌کنم که از استراتژی‌های جدیدتری استفاده کنیم.	,	1
آیا می‌توانید منابعی برای یادگیری تفکر انتقادی معرفی کنید؟	,	6
بیایید در مورد چالش‌های اجتماعی بحث کنیم و به دنبال راه‌حل‌ها باشیم.	,	4
این نظر خوب است، اما به عنوان افراد مسئول باید به پیامدهای اجتماعی انتخاب‌های‌مان توجه کنیم.	,	4
می‌توانیم یک لیست از دلایل ممکن برای این مشکل تهیه کنیم؟	,	2
این رویکرد به نظر منطقی نمی‌آید. آیا می‌توانید توضیح بیشتری دهید؟	,	5
اگر بتوانیم از داستان‌گویی برای انتقال ایده‌ها استفاده کنیم، نتایج بهتری خواهیم گرفت.	,	1
من فکر می‌کنم که شواهد کافی برای حمایت از نظر شما وجود ندارد.	,	5
باید به ارزیابی گزینه‌های مختلف و تحلیل آن‌ها بپردازیم.	,	2
همکاری می‌تواند به ما در تسریع فرآیند یادگیری کمک کند.	,	3
آیا کسی تجربه‌ای در مدیریت زمان پروژه دارد که بخواهد به اشتراک بگذارد؟	,	3
آیا می‌توانیم به صورت آنلاین یک پروژه مشترک راه‌اندازی کنیم؟	,	6
آیا کسی روش‌های مؤثری برای یادگیری خودآموزی دارد که با ما به اشتراک بگذارد؟	,	6
اگر بتوانیم از ابزارهای دیجیتال برای ایجاد محتوای تعاملی استفاده کنیم، بسیار خوب خواهد بود.	,	1
آیا در اینجا دلیلی برای عدم قطعیت وجود دارد؟	,	5
من فکر می‌کنم که توجه به مسائل اجتماعی در پروژه‌های ما بسیار مهم است.	,	4
تحلیل شما از مسئله نادرست است؛ برای حل این مشکل نیاز به دیدگاه‌های جدید داریم.	,	1
شواهد نشان می‌دهند که این نوع رویکرد معمولاً نتیجه مثبتی ندارد.	,	5
با استفاده از تکنیک‌های مغزافزایی، می‌توانیم ایده‌های جدیدی برای حل این مشکل پیدا کنیم.	,	2
ما باید به یکدیگر در راستای حل مسائل اجتماعی کمک کنیم.	,	4
آیا می‌توانیم از تجربیات فرهنگی مختلف برای تقویت خلاقیت استفاده کنیم؟	,	1
تجربه من نشان می‌دهد که همبستگی اجتماعی می‌تواند تأثیرات مثبتی داشته باشد.	,	4
چگونه می‌توانیم از منابع موجود برای حل این مسأله بهره‌برداری کنیم؟	,	2
شما به این نکته اشاره نکرده‌اید که یادگیری خودآموزی می‌تواند بسیار مؤثر باشد.	,	6
نظرتان ممکن است درست باشد، اما من فکر می‌کنم که رویکردهای جدیدتر نیازمند توجه بیشتری هستند.	,	6
استاد، آیا می‌توانید توضیح دهید که چرا این نظریه در این حوزه خاص کاربرد دارد؟	,	5
نظرتان درباره این موضوع قابل تأمل است، اما من فکر می‌کنم که باید به سمت روش‌های نوآورانه‌تری برویم.	,	6
بیایید ایده‌های خود را دربارهٔ همکاری در پروژه به اشتراک بگذاریم.	,	3
به نظر می‌رسد که شما به جنبه‌های نوآورانه‌تر این مشکل بی‌توجه بوده‌اید.	,	1
بیایید بررسی کنیم که چگونه می‌توانیم در پروژه‌های خود به مسئولیت اجتماعی توجه کنیم.	,	4
توجه به جزئیات می‌تواند به ما در درک بهتر مسأله کمک کند.	,	2
برگزاری جلسات بارش فکری می‌تواند ایده‌های جدیدی را به همراه داشته باشد.	,	1
این ادعا به خوبی با داده‌های تجربی و شواهد قابل تأیید است.	,	5
تحقیقات نشان می‌دهند که این نوع استدلال معمولاً به نتایج نادرستی منجر می‌شود.	,	2
این روش ممکن است مؤثر باشد، اما من به دنبال روش‌های متفاوتی هستم که به تجربیات ما نزدیک‌تر باشد.	,	3
آیا می‌توانیم از تجربیات هنرمندان برای الهام گرفتن در پروژه‌های خود استفاده کنیم؟	,	1
مسئولیت اجتماعی ما به عنوان دانشجویان، از ما می‌خواهد که آگاه باشیم.	,	4
آیا کسی می‌تواند ایده‌هایی برای تقویت همکاری گروهی ارائه دهد؟	,	3
شواهد تاریخی به وضوح نشان می‌دهند که این نوع رویکرد ممکن است منجر به شکست شود.	,	2
چگونه می‌توانیم از نقاط قوت و ضعف هر یک از گزینه‌ها برای تصمیم‌گیری استفاده کنیم؟	,	2
من فکر می‌کنم که شما به جنبه‌های مهمی از این مسئله توجه نکرده‌اید.	,	2
ما باید به همدیگر کمک کنیم تا مشکلات اجتماعی را حل کنیم.	,	4
بیایید از ابزارهای دیجیتال برای ایجاد یک نمایشگاه مجازی استفاده کنیم.	,	1
به وضوح می‌توان گفت که این نتیجه‌گیری بر اساس شواهد قوی استوار است.	,	5
این ایده جذاب است، اما من به قدرت کار گروهی اعتقاد دارم که می‌تواند نتایج بهتری به همراه داشته باشد.	,	3
نظر شما نیاز به بازنگری دارد؛ شواهد کافی برای حمایت از آن وجود ندارد.	,	2
آیا می‌توانیم از شواهد تجربی برای تأیید یا رد این نظریه استفاده کنیم؟	,	2
نظر شما ممکن است درست باشد، اما من فکر می‌کنم که راه‌حل‌های گروهی بهتر عمل می‌کنند.	,	3
چگونه می‌توانیم یک پلتفرم آنلاین برای تبادل ایده‌ها و تجربیات خلاقانه راه‌اندازی کنیم؟	,	1
چگونه می‌توانیم از تکنیک‌های قصه‌گویی برای انتقال این اطلاعات استفاده کنیم؟	,	1
ایده شما خوب است، اما نباید فراموش کنیم که همکاری می‌تواند به حل مشکلات کمک کند.	,	3
من در فرآیند یادگیری همیشه از نکات کلیدی یادداشت‌برداری می‌کنم.	,	6
چگونه می‌توانیم از تحقیقات خود برای حمایت از جامعه استفاده کنیم؟	,	4
این استدلال بر اساس شواهد علمی ساخته شده و از پایه‌های محکمی برخوردار است.	,	5
آیا شواهدی وجود دارد که نشان دهد این روش برای حل این چالش مؤثر است؟	,	2
نمی‌توانیم تنها به این ایده بسنده کنیم؛ بیایید نگاهی به روش‌های نوآورانه‌تری بیندازیم.	,	1
شواهدی که در این زمینه موجود است، باید به دقت بررسی شوند.	,	2
آیا می‌توانیم یک پروژه گروهی برای تست ایده‌های خلاقانه برگزار کنیم؟	,	1
چگونه می‌توانیم از تجربیات فرهنگی برای تقویت خلاقیت خود استفاده کنیم؟	,	1
آیا می‌توانیم از شبیه‌سازی برای پیش‌بینی نتایج استفاده کنیم؟	,	2
بیایید بر روی تقسیم کار تمرکز کنیم تا کارها سریع‌تر پیش برود.	,	3
با این حال، من متوجه شدم که این روش محدودیت‌هایی دارد که باید مورد توجه قرار گیرد.	,	6
چگونه می‌توانیم تأثیر این تغییرات را بر جامعه ارزیابی کنیم؟	,	5
من به همکاری در تحلیل نتایج نیاز دارم. آیا کسی تمایل دارد؟	,	3
تجربه من نشان می‌دهد که یادگیری از طریق تعامل با دیگران مفید است.	,	6
شما به جنبه‌های اجتماعی این موضوع بی‌توجه بوده‌اید؛ ما باید از هم حمایت کنیم.	,	4
شاید این ایده جذاب باشد، اما من به قدرت کار گروهی اعتقاد دارم که می‌تواند نتایج بهتری به همراه داشته باشد.	,	3
آیا می‌توانیم از روش‌های ابتکاری برای جذب توجه بیشتر به این موضوع استفاده کنیم؟	,	1
توجه به ابعاد مختلف این موضوع ما را به نتایج متفاوتی می‌رساند.	,	5
شواهد نشان می‌دهند که این نوع رویکرد معمولاً نتیجه مثبتی ندارد.	,	2
چگونه می‌توانیم از نقاشی‌ها و کارهای هنری برای بیان مفاهیم علمی استفاده کنیم؟	,	1
در حالی که نظرتان منطقی به نظر می‌رسد، اما باید به اثرات اجتماعی آن بیشتر فکر کنیم.	,	4
این رویکرد ممکن است کار کند، اما من به دنبال روش‌های متفاوتی هستم که به تجربیات ما نزدیک‌تر باشند.	,	3
چگونه می‌توانیم نظرات یکدیگر را به‌طور مؤثر جمع‌آوری کنیم؟	,	3
تحقیقات انجام‌شده در این زمینه به طور کامل بر روی جنبه‌های مختلف تأکید دارند.	,	5
چگونه می‌توانم از شبیه‌سازی‌ها برای یادگیری بهتر استفاده کنم؟	,	6
من فکر نمی‌کنم که این روش به تنهایی کافی باشد؛ باید از تجربیات همه استفاده کنیم تا بهترین نتیجه را بگیریم.	,	3
توجه به جنبه‌های مختلف این موضوع ما را به نتایج متفاوتی می‌رساند.	,	5
ایده استفاده از تکنیک‌های تفکر طراحی برای حل این مسأله بسیار جالب است.	,	1
تحلیل منطقی می‌تواند به ما در رسیدن به نتایج صحیح کمک کند.	,	5
تجربیات گذشته می‌تواند به ما در انتخاب بهترین راه‌حل کمک کند.	,	2
یکی از روش‌هایی که به من کمک کرده، یادداشت‌برداری منظم از درس‌ها است.	,	6
یادگیری با استفاده از برنامه‌های آموزشی می‌تواند بسیار مفید باشد.	,	6
تحلیل دقیق‌تر این موضوع نشان می‌دهد که رویکرد شما ناکافی است.	,	2
من فکر می‌کنم می‌توانیم با همکاری، تأثیر مثبتی بر جامعه بگذاریم.	,	4
این روش شاید برای برخی افراد جواب بدهد، اما من به یادگیری خودآموزی اعتقاد بیشتری دارم.	,	6
شاید بتوانیم از تکنیک‌های جدید برای تسهیل یادگیری استفاده کنیم.	,	1
من در مورد این موضوع تحقیق کردم و به نظر می‌رسد که داده‌ها از این نتیجه حمایت نمی‌کنند. نظر شما چیست؟	,	5
این نظر خوب است، اما به عنوان افراد مسئول باید به پیامدهای اجتماعی انتخاب‌های‌مان توجه کنیم.	,	4
چگونه می‌توانیم این مفهوم را به یک برنامه تلویزیونی یا رادیویی تبدیل کنیم؟	,	1
نکته‌ای که فراموش کرده‌اید این است که شرایط واقعی ممکن است متفاوت باشد.	,	2
چگونه می‌توانیم از ابزارهای مدرن، مثل نرم‌افزارهای گرافیکی، برای توضیح این موضوع استفاده کنیم؟	,	1
ما باید به عنوان دانش‌آموزان، در قبال مشکلات اجتماعی احساس مسئولیت کنیم.	,	4
چرا از تکنیک‌های نوبت‌گیری خلاقانه در جلسات بحث استفاده نکنیم؟	,	1
درست است که این روش در گذشته مؤثر بوده، اما من به راه‌های جدیدتری که پیدا کرده‌ام، بیشتر اعتماد دارم.	,	6
من یک برنامه مطالعه برای خودم تنظیم کرده‌ام. آیا کسی نکته‌ای برای بهبود آن دارد؟	,	6
چگونه می‌توانیم از تفکر تحلیلی برای حل این چالش بهره‌برداری کنیم؟	,	2
من به این فکر می‌کنم که چگونه می‌توانیم از فناوری‌های جدید برای تسهیل یادگیری استفاده کنیم.	,	1
چگونه می‌توانیم این ایده را به یک پروژه عملی تبدیل کنیم؟	,	1
بیایید به چالش‌های اجتماعی که در جامعه وجود دارد بپردازیم و راه‌حل‌هایی ارائه دهیم.	,	4
چگونه می‌توانیم از داده‌های تجربی برای حمایت از این نظریه استفاده کنیم؟	,	5
ایده شما ممکن است کاربردی باشد، اما من به دنبال راه‌حل‌های نوآورانه‌تری هستم.	,	1
نتیجه‌گیری‌های این مطالعه بر اساس شواهد و داده‌های معتبر انجام شده است.	,	5
توجه به جنبه‌های خلاقانه‌تر این موضوع می‌تواند ما را به سمت راه‌حل‌های نوآورانه‌تر هدایت کند.	,	1
آیا می‌توانیم یک پروژه گروهی راه‌اندازی کنیم که در آن ایده‌های نوآورانه را آزمایش کنیم؟	,	1
من فکر می‌کنم که شفاف‌سازی مفاهیم کلیدی می‌تواند به حل این مشکل کمک کند.	,	2
بیایید به مسائل اجتماعی با دیدگاه‌های مختلف نگاه کنیم و راه‌حل‌هایی بیابیم.	,	4
من فکر می‌کنم که این نظر نیاز به بازنگری دارد؛ همکاری می‌تواند به ما در درک بهتر کمک کند.	,	3
من فکر می‌کنم که شما به یک پیش‌فرض نادرست تکیه کرده‌اید.	,	2
من پیشنهاد می‌کنم که برای پروژه، هر یک از ما بخش‌هایی را تقسیم کنیم تا کار سریع‌تر پیش برود.	,	3
آیا کسی تجربه‌ای در ایجاد پروژه‌های اجتماعی دارد که بخواهد به ما بگوید؟	,	4
شاید این ایده جالب باشد، اما من فکر می‌کنم که باید به منابع آموزشی متفاوت‌تری مراجعه کنیم.	,	6
شاید بهتر باشد به جای این روش، از یک رویکرد جدید و نوآورانه استفاده کنیم.	,	1
این رویکرد ممکن است کار کند، اما من به دنبال روش‌های متفاوتی هستم که به تجربیات ما نزدیک‌تر باشند.	,	3
نظرتان درباره این موضوع قابل تأمل است، اما باید به جنبه‌های اجتماعی آن نیز توجه کنیم.	,	4
من به دلایل زیر با نظر شما مخالفم: (شواهد خود را بیان کنید).	,	5
شواهد موجود نشان‌دهنده این هستند که این نظریه معتبر است.	,	5
درست است که شما بر موفقیت فردی تأکید کرده‌اید، اما ما باید به نیازهای جامعه نیز توجه کنیم.	,	4
آیا می‌توانیم از یک مدل تحلیلی برای بررسی نتایج استفاده کنیم؟	,	2
آیا کسی می‌تواند در تجزیه و تحلیل داده‌ها به من کمک کند؟	,	3
این تحلیل به وضوح نقاط قوت و ضعف نظریه را مشخص می‌کند.	,	5
چگونه می‌توانیم از نتایج تحقیق‌مان برای ارتقاء عدالت اجتماعی استفاده کنیم؟	,	4
چرا از روش‌های طراحی معکوس برای تجزیه و تحلیل ایده‌ها استفاده نکنیم؟	,	1
چگونه می‌توانیم با هم برای حمایت از مسائل اجتماعی اقدام کنیم؟	,	4